flight_id,callsign,number,icao24,registration,typecode,origin,landing,destination,diverted,tweet_problem,tweet_result,tweet_fueldump,avh_id,avh_problem,avh_result,avh_fueldump,flight_date,flight_year,flight_month,flight_day,year_month,problem_category,diverted_airport,diverted_flag,fueldump_flag
ARG1511_20180101,ARG1511,AR1511,e06442,LV-FQB,B738,SACO,SABE,SABE,,,,,,,,,2018-01-01,2018,1,1,2018-01,unspecified,,False,False
DAL14_20180101,DAL14,DL14,a14c29,N183DN,B763,KATL,,EDDF,,,,,,,,,2018-01-01,2018,1,1,2018-01,unspecified,,False,False
JBU263_20180108,JBU263,B6263,aa600a,N768JB,A320,KJFK,,KSEA,,,,,,,,,2018-01-08,2018,1,8,2018-01,unspecified,,False,False
DAL65_20180108,DAL65,DL65,ab2855,N818NW,A333,KATL,KLAX,KLAX,,,,,,,,,2018-01-08,2018,1,8,2018-01,unspecified,,False,False
EDW24_20180111,EDW24,WK24,4b1901,HB-JMF,A343,LSZH,LSZH,MMUN,LSZH,engine,return,unknown,4b382175,engine,return,unknown,2018-01-11,2018,1,11,2018-01,engine_problem,LSZH,True,False
ASA111_20180112,ASA111,AS111,a602ab,N487AS,B739,KLAS,,PANC,,,,,,,,,2018-01-12,2018,1,12,2018-01,unspecified,,False,False
ONE8511_20180113,ONE8511,O68511,e4919d,PR-OCX,A332,KMIA,,SBGR,,,,,,,,,2018-01-13,2018,1,13,2018-01,unspecified,,False,False
BAW882_20180115,BAW882,BA882,406532,G-EUYM,A320,EGLL,,UKBB,EDDT,medical,diverted,unknown,,,,,2018-01-15,2018,1,15,2018-01,medical_emergency,EDDT,True,False
ENY3342_20180117,ENY3342,AA3342,a272b8,N257NN,E75L,KDFW,,KLIT,,,,,,,,,2018-01-17,2018,1,17,2018-01,unspecified,,False,False
WJA506_20180122,WJA506,WS506,c0499b,C-GBWS,B736,CYXE,,CYYZ,,,,,,,,,2018-01-22,2018,1,22,2018-01,unspecified,,False,False
ASA619_20180122,ASA619,AS619,a28a2c,N263AK,B739,KLAS,KSEA,KSEA,,,,,,,,,2018-01-22,2018,1,22,2018-01,unspecified,,False,False
QXE2782_20180124,QXE2782,AS2782,a83920,N629QX,E75L,KSFO,,KMCI,,,,,,,,,2018-01-24,2018,1,24,2018-01,unspecified,,False,False
WOW699_20180125,WOW699,WW699,4cc500,TF-NEO,A20N,LLBG,BIKF,BIKF,,,,,,,,,2018-01-25,2018,1,25,2018-01,unspecified,,False,False
DAL2345_20180127,DAL2345,DL2345,a4462e,N3748Y,B738,KSMF,KATL,KATL,,,,,,,,,2018-01-27,2018,1,27,2018-01,unspecified,,False,False
CPZ6043_20180129,CPZ6043,CP6043,a1ac11,N207AN,E75L,KLAX,KELP,KSAN,KELP,,,,,,,,2018-01-29,2018,1,29,2018-01,unspecified,KELP,True,False
PRW103_20180131,PRW103,6F103,45c265,OY-PSE,B738,BIKF,,GCTS,,,,,,,,,2018-01-31,2018,1,31,2018-01,unspecified,,False,False
UAL979_20180201,UAL979,UA979,a8b760,N66057,B764,KEWR,SAEZ,SAEZ,,,,,,,,,2018-02-01,2018,2,1,2018-02,unspecified,,False,False
BLX236_20180201,BLX236,6B236,4ac8d9,SE-RFY,B738,GCLP,EDDN,EFHK,EDDN,unclear,diverted,unknown,,,,,2018-02-01,2018,2,1,2018-02,unconfirmed_emergency,EDDN,True,False
AFL111_20180204,AFL111,SU111,42423f,VP-BLY,A332,KMIA,,UUEE,,,,,,,,,2018-02-04,2018,2,4,2018-02,unspecified,,False,False
AFR032_20180209,AFR032,AF32,3949e1,F-GSPB,B772,LFPO,LFPO,KJFK,LFPO,technical,return,unknown,4b4b9911,engine,return,unknown,2018-02-09,2018,2,9,2018-02,engine_problem,LFPO,True,False
AAL215_20180210,AAL215,AA215,ab436f,N825AA,B789,KLAX,,SBGR,,,,,,,,,2018-02-10,2018,2,10,2018-02,unspecified,,False,False
BOS3_20180213,BOS3,BA8003,3982a8,F-HAVI,B752,LFPO,LFPO,KEWR,LFPO,unclear,return,unknown,,,,,2018-02-13,2018,2,13,2018-02,unconfirmed_emergency,LFPO,True,False
UAL879_20180216,UAL879,UA879,aa9300,N78009,B772,EGLL,EGPH,KIAH,EGPH,medical,diverted,unknown,,,,,2018-02-16,2018,2,16,2018-02,medical_emergency,EGPH,True,False
RRR4078_20180216,RRR4078,,43c5e9,ZM415,A400,,EGVN,,EGVN,unclear,return,unknown,,,,,2018-02-16,2018,2,16,2018-02,unconfirmed_emergency,EGVN,True,False
AFR31KQ_20180218,AFR31KQ,AF6013,392ae4,F-GKXE,A320,LFML,LFPO,LFPO,,unclear,unclear,unknown,,,,,2018-02-18,2018,2,18,2018-02,unconfirmed_emergency,,False,False
AZU8706_20180225,AZU8706,AD8706,e4910e,PR-AIW,A332,SBKP,,KMCO,,,,,,,,,2018-02-25,2018,2,25,2018-02,unspecified,,False,False
BGA143F_20180226,BGA143F,,394a65,F-GSTF,A3ST,EGNR,EDHI,EDHI,,,,,4b57310c,smoke_burn_smell_flames,planned,unknown,2018-02-26,2018,2,26,2018-02,smoke_fire_fumes,,False,False
SHT16ED_20180226,SHT16ED,BA2938,400a5b,G-DBCA,A319,EGKK,EGPH,EGPH,,unclear,unclear,unknown,,,,,2018-02-26,2018,2,26,2018-02,unconfirmed_emergency,,False,False
ACA145_20180226,ACA145,AC145,c02fd5,C-FSCY,B38M,CYYZ,CYYC,CYYC,,,,,,,,,2018-02-26,2018,2,26,2018-02,unspecified,,False,False
RYR3ZK_20180228,RYR3ZK,FR2694,4ca678,EI-FOV,B738,LPPT,LPPT,LPPR,LPPT,unclear,return,unknown,4b592dcf,cabin_pressure,return,unknown,2018-02-28,2018,2,28,2018-02,depressurization_cabin,LPPT,True,False
THY80L_20180301,THY80L,TK80,4ba946,TC-JJF,B77W,KSFO,,LTFM,,,,,,,,,2018-03-01,2018,3,1,2018-03,unspecified,,False,False
ASA230_20180301,ASA230,AS230,a28a2c,N263AK,B739,KSAN,MMSD,MMSD,,,,,,,,,2018-03-01,2018,3,1,2018-03,unspecified,,False,False
AFR090_20180302,AFR090,AF90,39bd27,F-HPJH,A388,LFPG,LFPG,KMIA,LFPG,medical,return,unknown,,,,,2018-03-02,2018,3,2,2018-03,medical_emergency,LFPG,True,False
DAL445_20180303,DAL445,DL445,ab7ae4,N839MH,B764,LIRF,LFPG,KJFK,LFPG,unclear,diverted,unknown,4b5b3cf5,instrument,diverted,fueldump,2018-03-03,2018,3,3,2018-03,instruments_avionics,LFPG,True,True
AFR1196_20180303,AFR1196,AF1196,392af2,F-GKXS,A320,LFPG,LFPG,GMMN,LFPG,technical,return,unknown,,,,,2018-03-03,2018,3,3,2018-03,technical_systems,LFPG,True,False
BGA112B_20180305,BGA112B,,394a61,F-GSTB,A3ST,LFBO,LFBO,LFRZ,LFBO,unclear,return,unknown,,,,,2018-03-05,2018,3,5,2018-03,unconfirmed_emergency,LFBO,True,False
TOM727_20180309,TOM727,BY727,406c6d,G-TUIG,B788,MDLR,EGBB,EGBB,,medical,planned,unknown,,,,,2018-03-09,2018,3,9,2018-03,medical_emergency,,False,False
MSR651_20180312,MSR651,MS651,010109,SU-GDA,B738,HECA,,OERK,,,,,,,,,2018-03-12,2018,3,12,2018-03,unspecified,,False,False
NDU634_20180313,NDU634,,a84dc8,N634ND,C172,KIWA,KIWA,KIWA,,,,,,,,,2018-03-13,2018,3,13,2018-03,unspecified,,False,False
EXS746_20180313,EXS746,LS746,4070e7,G-JZHT,B738,GCFV,,EGPH,,unclear,unclear,unknown,,,,,2018-03-13,2018,3,13,2018-03,unconfirmed_emergency,,False,False
BCS6892_20180314,BCS6892,,40712e,G-DHKC,B752,EDDP,EBBR,EBBR,,unclear,unclear,unknown,,,,,2018-03-14,2018,3,14,2018-03,unconfirmed_emergency,,False,False
SWG521_20180316,SWG521,WG521,c03abc,C-FWGH,B738,CYYZ,,MMPR,,,,,,,,,2018-03-16,2018,3,16,2018-03,unspecified,,False,False
CTM1079_20180318,CTM1079,,3b7781,F-RAJB,A342,,LFML,,,unclear,unclear,unknown,,,,,2018-03-18,2018,3,18,2018-03,unconfirmed_emergency,,False,False
SKW4820_20180318,SKW4820,DL4820,ab4151,N824SK,CRJ9,KMSP,CYXE,CYXE,,,,,,,,,2018-03-18,2018,3,18,2018-03,unspecified,,False,False
FDX5926_20180318,FDX5926,FX5926,a821e4,N623FE,MD11,ZGGG,RKSI,RKSI,,unclear,unclear,unknown,,,,,2018-03-18,2018,3,18,2018-03,unconfirmed_emergency,,False,False
BAW57K_20180319,BAW57K,BA57,40688d,G-XLEC,A388,EGLL,EGKK,FAOR,EGKK,hot_air_leak,return,hold_to_reduce,4b649fd5,hot_air_leak,return,fueldump,2018-03-19,2018,3,19,2018-03,hot_air_leak,EGKK,True,True
FDX5201_20180320,FDX5201,FX5201,a903b9,N680FE,A306,EIDW,EGSS,EGSS,,unclear,planned,unknown,,,,,2018-03-20,2018,3,20,2018-03,unconfirmed_emergency,,False,False
DSM7821_20180321,DSM7821,4M7821,e032d5,LV-CKU,B763,KMIA,,SAEZ,,,,,,,,,2018-03-21,2018,3,21,2018-03,unspecified,,False,False
ETD87W_20180324,ETD87W,EY160,8963c7,A6-LRE,B77L,KDFW,LROP,OMAA,LROP,medical,diverted,unknown,,,,,2018-03-24,2018,3,24,2018-03,medical_emergency,LROP,True,False
EZY18FR_20180325,EZY18FR,U26861,4074b0,G-EZRR,A320,EGPF,EGPF,LEMG,EGPF,medical,diverted,unknown,,,,,2018-03-25,2018,3,25,2018-03,medical_emergency,EGPF,True,False
SWG529_20180325,SWG529,WG529,c0331e,C-FTJH,B738,CYXE,,CYQR,,,,,,,,,2018-03-25,2018,3,25,2018-03,unspecified,,False,False
EXS16R_20180326,EXS16R,LS1216,40717e,G-JZBB,B738,LEAL,EGKK,EGBB,EGKK,unclear,diverted,unknown,,,,,2018-03-26,2018,3,26,2018-03,unconfirmed_emergency,EGKK,True,False
AEE625_20180329,AEE625,A3625,4691c4,SX-DND,A320,EDDF,EDDF,LGAV,EDDF,unclear,diverted,unknown,,,,,2018-03-29,2018,3,29,2018-03,unconfirmed_emergency,EDDF,True,False
AFR460_20180329,AFR460,AF460,3965ad,F-GZNN,B77W,LFPG,LFPG,FIMP,LFPG,technical,return,unknown,,,,,2018-03-29,2018,3,29,2018-03,technical_systems,LFPG,True,False
AAL93_20180330,AAL93,AA93,a3deca,N349AN,B763,LSZH,EGLL,KPHL,EGLL,unclear,diverted,unknown,,,,,2018-03-30,2018,3,30,2018-03,unconfirmed_emergency,EGLL,True,False
ICE689_20180330,ICE689,FI689,4cc269,TF-FIA,B752,BIKF,KMCO,KMCO,,,,,,,,,2018-03-30,2018,3,30,2018-03,unspecified,,False,False
TRA90W_20180401,TRA90W,HV6093,4841d9,PH-XRX,B737,EHRD,LFRS,LPFR,LFRS,medical,diverted,unknown,,,,,2018-04-01,2018,4,1,2018-04,medical_emergency,LFRS,True,False
ACA135_20180402,ACA135,AC135,c0252d,C-FOCA,B763,CYYZ,,CYYC,,,,,,,,,2018-04-02,2018,4,2,2018-04,unspecified,,False,False
KAP1101_20180403,KAP1101,9K1101,a447d5,N375R,C402,KSTL,KBMI,KMWA,KDEC,,,,,,,,2018-04-03,2018,4,3,2018-04,unspecified,KDEC,True,False
THY140_20180404,THY140,TK140,4ba92e,TC-JIN,A332,LTFM,OERK,OERK,,,,,,,,,2018-04-04,2018,4,4,2018-04,unspecified,,False,False
MRA637_20180405,MRA637,,a5baa2,N4687B,C208,KWDG,KGUY,KGUY,,,,,,,,,2018-04-05,2018,4,5,2018-04,unspecified,,False,False
AFR830_20180406,AFR830,AF830,392f2d,F-GLZN,A343,LFPG,LFPG,FCPP,LFPG,unclear,return,unknown,4b7033cc,engine,return,unknown,2018-04-06,2018,4,6,2018-04,engine_problem,LFPG,True,False
UAL1665_20180407,UAL1665,UA1665,a8d5a4,N66897,B739,KDEN,MMSD,MMSD,,,,,,,,,2018-04-07,2018,4,7,2018-04,unspecified,,False,False
SWA1642_20180409,SWA1642,WN1642,ab628c,N8323C,B738,KLAS,KATL,KATL,,,,,,,,,2018-04-09,2018,4,9,2018-04,unspecified,,False,False
DLH6TR_20180412,DLH6TR,LH954,3c6613,D-AIPS,A320,EDDF,,EGBB,EGLL,smoke_burn_smell_flames,diverted,unknown,,,,,2018-04-12,2018,4,12,2018-04,smoke_fire_fumes,EGLL,True,False
SVA637_20180412,SVA637,SV637,710126,HZ-AS58,A320,OERK,,OJAI,,,,,,,,,2018-04-12,2018,4,12,2018-04,unspecified,,False,False
VJT453_20180413,VJT453,,4d20cf,9H-VCB,CL35,,EIDW,,,unclear,unclear,unknown,,,,,2018-04-13,2018,4,13,2018-04,unconfirmed_emergency,,False,False
QFA568_20180413,QFA568,QF568,7c5321,VH-QPF,A333,YPPH,,YSSY,YMML,cabin_pressure,diverted,unknown,4b753958,cabin_pressure,diverted,unknown,2018-04-13,2018,4,13,2018-04,depressurization_cabin,YMML,True,False
ASA790_20180414,ASA790,AS790,a5a888,N464AS,B739,KSEA,KEWR,KEWR,,,,,,,,,2018-04-14,2018,4,14,2018-04,unspecified,,False,False
QID294_20180414,QID294,,ae0475,58-0001,K35R,,,,,unclear,unclear,unknown,,,,,2018-04-14,2018,4,14,2018-04,unconfirmed_emergency,,False,False
JAI535_20180415,JAI535,9W535,8001cc,VT-JGR,B738,OMDB,,VABB,,,,,,,,,2018-04-15,2018,4,15,2018-04,unspecified,,False,False
CJT573_20180420,CJT573,W8573,c0208a,C-FMIJ,B763,CYHM,,CYWG,,,,,,,,,2018-04-20,2018,4,20,2018-04,unspecified,,False,False
TAY071X_20180420,TAY071X,,4ca7fa,EI-STK,B734,EFTU,ESSA,EBLG,ESSA,unclear,diverted,unknown,,,,,2018-04-20,2018,4,20,2018-04,unconfirmed_emergency,ESSA,True,False
GLO9700_20180421,GLO9700,G39700,e48c30,PR-GUY,B738,SBGR,,MDPC,,,,,,,,,2018-04-21,2018,4,21,2018-04,unspecified,,False,False
FDX1_20180421,FDX1,FX1,a76ca3,N578FE,MD11,LFPG,LFPG,KMEM,LFPG,unclear,return,unknown,,,,,2018-04-21,2018,4,21,2018-04,unconfirmed_emergency,LFPG,True,False
DAL80_20180422,DAL80,DL80,a05614,N1200K,B763,KATL,EBBR,EBBR,,engine,planned,unknown,,,,,2018-04-22,2018,4,22,2018-04,engine_problem,,False,False
AFR48FC_20180422,AFR48FC,AF6127,3985a8,F-HBNI,A320,LFBO,LFPO,LFPO,,unclear,unclear,unknown,,,,,2018-04-22,2018,4,22,2018-04,unconfirmed_emergency,,False,False
GSW1427_20180424,GSW1427,GM1427,4b1936,HB-JOG,A319,GMAD,LSZH,LSZH,,,,,,,,,2018-04-24,2018,4,24,2018-04,unspecified,,False,False
NKS906_20180425,NKS906,NK906,a84660,N632NK,A320,KIAH,KDTW,KDTW,,,,,,,,,2018-04-25,2018,4,25,2018-04,unspecified,,False,False
AAL900_20180425,AAL900,AA900,a999d2,N718AN,B77W,SAEZ,,KMIA,,,,,,,,,2018-04-25,2018,4,25,2018-04,unspecified,,False,False
SVA768_20180427,SVA768,SV768,710051,HZ-AQH,A333,OEJN,OMDB,VOMM,OMDB,unclear,diverted,unknown,4b7e07fa,cabin_pressure,diverted,unknown,2018-04-27,2018,4,27,2018-04,depressurization_cabin,OMDB,True,False
HHN909_20180427,HHN909,,3cd43a,D-CHRE,C680,,LFPG,,,,,,,,,,2018-04-27,2018,4,27,2018-04,unspecified,,False,False
AAL2807_20180428,AAL2807,AA2807,a0e086,N156AN,A321,KMIA,KLAX,KTPA,KLAX,,,,,,,,2018-04-28,2018,4,28,2018-04,unspecified,KLAX,True,False
ACA549_20180429,ACA549,AC549,c058be,C-GHPT,B788,KEWR,,CYVR,,unclear,unclear,unknown,,,,,2018-04-29,2018,4,29,2018-04,unconfirmed_emergency,,False,False
GMI4926_20180429,GMI4926,,3c5cb1,D-AGEQ,B737,,EDDT,,EDDT,unclear,unclear,unknown,4b7f2209,engine,return,unknown,2018-04-29,2018,4,29,2018-04,engine_problem,EDDT,True,False
FDX1414_20180501,FDX1414,FX1414,a02cb5,N110FE,B763,KMEM,KTUS,KTUS,,,,,,,,,2018-05-01,2018,5,1,2018-05,unspecified,,False,False
UAL888_20180502,UAL888,UA888,a1c7e4,N2136U,B77W,KSFO,,ZBAA,,,,,,,,,2018-05-02,2018,5,2,2018-05,unspecified,,False,False
UAL121_20180503,UAL121,UA121,a1cdd8,N215UA,B772,LEBL,KEWR,KEWR,,,,,,,,,2018-05-03,2018,5,3,2018-05,unspecified,,False,False
FXI27_20180503,FXI27,NY27,4cc331,TF-FXK,DH8B,BIIS,BIRK,BIRK,,,,,,,,,2018-05-03,2018,5,3,2018-05,unspecified,,False,False
FXI233_20180504,FXI233,NY233,4cc331,TF-FXK,DH8B,BIRK,,BGKK,,,,,,,,,2018-05-04,2018,5,4,2018-05,unspecified,,False,False
GMI32FG_20180504,GMI32FG,ST4212,3c09ef,D-ASTU,A319,EDDG,EDDG,LEPA,EDDG,cabin_pressure,return,unknown,4b830fb6,cabin_pressure,return,unknown,2018-05-04,2018,5,4,2018-05,depressurization_cabin,EDDG,True,False
SVA788_20180506,SVA788,SV788,71005f,HZ-AK20,B77W,OERK,,VRMM,,,,,,,,,2018-05-06,2018,5,6,2018-05,unspecified,,False,False
DLH4PK_20180507,DLH4PK,LH2462,3c664b,D-AIRK,A321,EDDM,,EFHK,EDDT,engine,diverted,unknown,4b846914,engine,diverted,unknown,2018-05-07,2018,5,7,2018-05,engine_problem,EDDT,True,False
UAL957_20180509,UAL957,UA957,a895eb,N652UA,B763,LSGG,LSGG,KEWR,LSGG,landing_gear,return,unknown,,,,,2018-05-09,2018,5,9,2018-05,gear_hydraulics,LSGG,True,False
EWG8HX_20180512,EWG8HX,EW9657,3c4906,D-ABHF,A320,LGTS,EDDN,EDDL,EDDN,unclear,diverted,unknown,,,,,2018-05-12,2018,5,12,2018-05,unconfirmed_emergency,EDDN,True,False
EZY8619_20180516,EZY8619,U28619,440090,OE-IVL,A320,EGKK,,LEPA,LFBD,technical,diverted,unknown,,,,,2018-05-16,2018,5,16,2018-05,technical_systems,LFBD,True,False
SHT86X_20180518,SHT86X,BA1418,406a3e,G-EUYU,A320,EGLL,EGAC,EGAC,,medical,planned,unknown,,,,,2018-05-18,2018,5,18,2018-05,medical_emergency,,False,False
QTR727_20180519,QTR727,QR727,06a0fc,A7-ALH,A359,OTHH,,KPHL,,,,,,,,,2018-05-19,2018,5,19,2018-05,unspecified,,False,False
UAL135_20180520,UAL135,UA135,aa93c9,N78060,B764,LSZH,LSZH,KEWR,LSZH,unclear,return,hold_to_reduce,4b8d6334,cracked_windshield,return,fueldump,2018-05-20,2018,5,20,2018-05,unconfirmed_emergency,LSZH,True,True
SAA419_20180522,SAA419,SA419,00b226,ZS-SZD,A320,FAOR,,FAPE,,,,,,,,,2018-05-22,2018,5,22,2018-05,unspecified,,False,False
EXS88YB_20180523,EXS88YB,LS831,406c81,G-JZHC,B738,EGCC,EGSS,LEPA,EGSS,unclear,diverted,unknown,,,,,2018-05-23,2018,5,23,2018-05,unconfirmed_emergency,EGSS,True,False
VIV3709_20180524,VIV3709,VB3709,0d09c2,XA-VAT,A320,MMTJ,,MMMX,,,,,,,,,2018-05-24,2018,5,24,2018-05,unspecified,,False,False
EZY31FM_20180524,EZY31FM,U26034,440762,OE-IVK,A320,ESSA,,EGGD,EHAM,medical,diverted,unknown,,,,,2018-05-24,2018,5,24,2018-05,medical_emergency,EHAM,True,False
ENT863_20180525,ENT863,E4863,4891ab,SP-ENL,B738,LICC,IT-0019,LFRS,LICC,unclear,return,unknown,,,,,2018-05-25,2018,5,25,2018-05,unconfirmed_emergency,LICC,True,False
DAL97_20180525,DAL97,DL97,abd018,N860NW,A332,LFPG,KDTW,KDTW,,unclear,planned,unknown,,,,,2018-05-25,2018,5,25,2018-05,unconfirmed_emergency,,False,False
LLX5963_20180526,LLX5963,5P5963,4a4ca1,YR-SEA,A320,EDLP,LFBE,LEMG,LFBE,unclear,diverted,unknown,4b91f180,cabin_pressure,diverted,unknown,2018-05-26,2018,5,26,2018-05,depressurization_cabin,LFBE,True,False
PIA701_20180526,PIA701,PK701,760917,AP-BHW,B77W,OPIS,EGCC,EGCC,,medical,planned,unknown,,,,,2018-05-26,2018,5,26,2018-05,medical_emergency,,False,False
AAL2254_20180526,AAL2254,AA2254,a12bcd,N175AN,B752,KMIA,KDFW,KDFW,,,,,,,,,2018-05-26,2018,5,26,2018-05,unspecified,,False,False
MSC610_20180529,MSC610,,0101bf,SU-BTM,A320,,,,,,,,,,,,2018-05-29,2018,5,29,2018-05,unspecified,,False,False
VLG7104_20180529,VLG7104,VY7104,3452c9,EC-MNZ,A320,LECO,LFPO,EGLL,LFPO,technical,diverted,unknown,,,,,2018-05-29,2018,5,29,2018-05,technical_systems,LFPO,True,False
EIN43H_20180531,EIN43H,EI432,4ca5c8,EI-DVE,A320,EIDW,EGKK,LIML,EGKK,medical,diverted,unknown,,,,,2018-05-31,2018,5,31,2018-05,medical_emergency,EGKK,True,False
DAL2817_20180531,DAL2817,DL2817,ac259b,N882DN,B739,KSLC,KMCO,KMCO,,,,,,,,,2018-05-31,2018,5,31,2018-05,unspecified,,False,False
MSR759_20180601,MSR759,MS759,010162,SU-GED,B738,HECA,EPWA,EKCH,EPWA,technical,diverted,unknown,,,,,2018-06-01,2018,6,1,2018-06,technical_systems,EPWA,True,False
CSJ726_20180602,CSJ726,,ad627d,N9612B,C208,CYHM,,KCAK,,,,,,,,,2018-06-02,2018,6,2,2018-06,unspecified,,False,False
AAL213_20180603,AAL213,AA213,a15aba,N187AN,B752,KMIA,,SBBR,,,,,,,,,2018-06-03,2018,6,3,2018-06,unspecified,,False,False
AAL1897_20180603,AAL1897,AA1897,aaf83c,N806AW,A319,KSAT,KELP,KPHX,KELP,weather_damage,diverted,hold_to_reduce,4b97224e,weather_damage,diverted,hold_to_reduce,2018-06-03,2018,6,3,2018-06,weather_turbulence,KELP,True,True
JBU232_20180604,JBU232,B6232,a732d9,N563JB,A320,KLGB,KSLC,KSLC,,,,,,,,,2018-06-04,2018,6,4,2018-06,unspecified,,False,False
AAL213_20180605,AAL213,AA213,a3deca,N349AN,B763,KMIA,,SBBR,,,,,,,,,2018-06-05,2018,6,5,2018-06,unspecified,,False,False
DLH1425_20180605,DLH1425,LH1425,3c5463,D-AECC,E190,LATI,LOWG,EDDF,LOWG,medical,diverted,unknown,,,,,2018-06-05,2018,6,5,2018-06,medical_emergency,LOWG,True,False
LOT4VM_20180605,LOT4VM,LO408,4a09ae,YR-BMN,B738,EDDL,EPWA,EPWA,,medical,planned,unknown,,,,,2018-06-05,2018,6,5,2018-06,medical_emergency,,False,False
WOW9625_20180605,WOW9625,WW9625,4cc4e1,TF-SON,A321,EINN,BIKF,BIKF,,,,,,,,,2018-06-05,2018,6,5,2018-06,unspecified,,False,False
AAL2237_20180606,AAL2237,AA2237,a0a2bd,N140AN,A321,KDCA,KDFW,KDFW,,,,,,,,,2018-06-06,2018,6,6,2018-06,unspecified,,False,False
PTA12P_20180606,PTA12P,,4d2144,9H-PIK,C550,,LKKV,,,unclear,unclear,unknown,,,,,2018-06-06,2018,6,6,2018-06,unconfirmed_emergency,,False,False
NAX7075_20180606,NAX7075,DY7075,4950d8,CS-TFX,A345,LEBL,LEBL,KOAK,LEBL,unclear,return,unknown,,,,,2018-06-06,2018,6,6,2018-06,unconfirmed_emergency,LEBL,True,False
AAL2057_20180606,AAL2057,AA2057,a7101e,N554UW,A321,KLAX,,KCLT,,,,,,,,,2018-06-06,2018,6,6,2018-06,unspecified,,False,False
ACA832_20180610,ACA832,AC832,c0583f,C-GHKW,A333,CYUL,,EBBR,,,,,,,,,2018-06-10,2018,6,10,2018-06,unspecified,,False,False
TVF71AT_20180610,TVF71AT,TO3100,3964e3,F-GZHD,B738,LFPO,LFPO,LEZL,LFPO,unclear,return,unknown,,,,,2018-06-10,2018,6,10,2018-06,unconfirmed_emergency,LFPO,True,False
SKU502_20180613,SKU502,H2502,e80321,CC-AID,A319,SAEZ,,SCEL,,,,,,,,,2018-06-13,2018,6,13,2018-06,unspecified,,False,False
AFR228_20180614,AFR228,AF228,3949f2,F-GSPS,B772,LFPG,LFPG,SAEZ,LFPG,technical,return,unknown,,,,,2018-06-14,2018,6,14,2018-06,technical_systems,LFPG,True,False
UAL14_20180616,UAL14,UA14,aa44d0,N76065,B764,KEWR,EGLL,EGLL,,unclear,planned,unknown,,,,,2018-06-16,2018,6,16,2018-06,unconfirmed_emergency,,False,False
IBK6241_20180616,IBK6241,D86241,4ca354,EI-FHD,B738,BIKF,EGBB,LEMD,EGBB,hydraulics,diverted,unknown,4b9f779c,hydraulics,diverted,unknown,2018-06-16,2018,6,16,2018-06,gear_hydraulics,EGBB,True,False
TOM54A_20180617,TOM54A,BY4764,406d6f,G-TUIH,B788,EGKK,,LDDU,EGKK,unclear,return,unknown,,,,,2018-06-17,2018,6,17,2018-06,unconfirmed_emergency,EGKK,True,False
EZY29JH_20180617,EZY29JH,U28191,406f01,G-EZOZ,A320,EGKK,,LIMC,LFPG,technical,diverted,unknown,,,,,2018-06-17,2018,6,17,2018-06,technical_systems,LFPG,True,False
EZY73FH_20180619,EZY73FH,U28301,406e69,G-EZOX,A320,EGKK,LFPG,LEMH,LFPG,medical,diverted,unknown,,,,,2018-06-19,2018,6,19,2018-06,medical_emergency,LFPG,True,False
VTM487_20180619,VTM487,VTM487,0d0af0,XA-UUL,SW4,KSDF,,KLRD,,,,,,,,,2018-06-19,2018,6,19,2018-06,unspecified,,False,False
AAL435_20180620,AAL435,AA435,a74679,N568UW,A321,KDFW,,KSMF,,,,,,,,,2018-06-20,2018,6,20,2018-06,unspecified,,False,False
ACA885_20180622,ACA885,AC885,c051e4,C-GFAH,A333,LFPG,LFPG,CYUL,LFPG,hydraulics,return,hold_to_reduce,4ba4a68b,hydraulics,return,unknown,2018-06-22,2018,6,22,2018-06,gear_hydraulics,LFPG,True,True
ANA232_20180622,ANA232,NH232,86d5d8,JA823A,B788,EBBR,EFHK,RJAA,EFHK,cracked_windshield,diverted,unknown,4ba3ebc0,cracked_windshield,diverted,unknown,2018-06-22,2018,6,22,2018-06,cracked_windshield,EFHK,True,False
CLX831_20180624,CLX831,CV831,4d010b,LX-VCV,B744,KORD,,KIND,,,,,,,,,2018-06-24,2018,6,24,2018-06,unspecified,,False,False
ARG1301_20180626,ARG1301,AR1301,e072d0,LV-GKP,A332,KJFK,,SAEZ,,,,,,,,,2018-06-26,2018,6,26,2018-06,unspecified,,False,False
DLH501_20180626,DLH501,LH501,3c4b28,D-ABYH,B748,LFPG,LFPG,EDDF,LFPG,medical,return,unknown,,,,,2018-06-26,2018,6,26,2018-06,medical_emergency,LFPG,True,False
QFA63_20180626,QFA63,QF63,7c4774,VH-OEE,B744,YSSY,FAOR,FAOR,,,,,,,,,2018-06-26,2018,6,26,2018-06,unspecified,,False,False
DAL819_20180630,DAL819,DL819,a3d3f0,N346DN,A321,KLAX,KATL,KATL,,,,,,,,,2018-06-30,2018,6,30,2018-06,unspecified,,False,False
TJK646_20180701,TJK646,7J646,0d0573,EY-444,B733,UUDD,UUUD,UTDL,UUUD,cabin_pressure,return,unknown,4ba9da5e,cabin_pressure,return,hold_to_reduce,2018-07-01,2018,7,1,2018-07,depressurization_cabin,UUUD,True,True
EZY57UT_20180705,EZY57UT,U22963,406d92,G-EZOM,A320,LIMC,,LGIR,LIMC,unclear,return,unknown,4badb5c2,smoke_burn_smell_flames,return,unknown,2018-07-05,2018,7,5,2018-07,smoke_fire_fumes,LIMC,True,False
NAX7191_20180706,NAX7191,DY7191,4950cd,CS-TFM,B772,LFPO,LFPO,KEWR,LFPO,landing_gear,return,hold_to_reduce,4bae6d1a,landing_gear,return,fueldump,2018-07-06,2018,7,6,2018-07,gear_hydraulics,LFPO,True,True
SWA4133_20180707,SWA4133,WN4133,aaa929,N7860A,B737,KMCO,KDAL,KDAL,,,,,,,,,2018-07-07,2018,7,7,2018-07,unspecified,,False,False
ASH5740_20180707,ASH5740,YV5740,a390e3,N329MS,CRJ9,KDFW,,KAMA,,,,,,,,,2018-07-07,2018,7,7,2018-07,unspecified,,False,False
ICE784_20180708,ICE784,FI784,4cc29f,TF-FIH,B752,BIKF,EGPF,EBLG,EGPF,unclear,diverted,unknown,,,,,2018-07-08,2018,7,8,2018-07,unconfirmed_emergency,EGPF,True,False
LCO1102_20180711,LCO1102,UC1102,a4f2d3,N418LA,B763,KMIA,KMIA,SAEZ,KMIA,unclear,return,unknown,,,,,2018-07-11,2018,7,11,2018-07,unconfirmed_emergency,KMIA,True,False
UPS59_20180711,UPS59,5X59,a7e310,N607UP,B748,VHHH,PANC,PANC,,,,,,,,,2018-07-11,2018,7,11,2018-07,unspecified,,False,False
UAL368_20180712,UAL368,UA368,aa2ba2,N75426,B739,KSFO,KPHX,KPHX,,unclear,unclear,unknown,,,,,2018-07-12,2018,7,12,2018-07,unconfirmed_emergency,,False,False
UZB765_20180714,UZB765,HY765,507c41,UK32018,A320,UTTT,UTTT,UAAA,UTTT,unclear,return,unknown,,,,,2018-07-14,2018,7,14,2018-07,unconfirmed_emergency,UTTT,True,False
EZY43YH_20180714,EZY43YH,,405b77,G-ECOD,DH8D,,EGCC,,,,,,,,,,2018-07-14,2018,7,14,2018-07,unspecified,,False,False
DAH1025_20180715,DAH1025,AH1025,0a0025,7T-VJR,B736,LFML,LFML,DAAG,LFML,unclear,return,unknown,,,,,2018-07-15,2018,7,15,2018-07,unconfirmed_emergency,LFML,True,False
BPA2221_20180717,BPA2221,BV2221,4d2124,9H-GTC,B734,LATI,LIPY,LIMC,LIPY,cracked_windshield,diverted,unknown,4bb59538,cracked_windshield,diverted,unknown,2018-07-17,2018,7,17,2018-07,cracked_windshield,LIPY,True,False
AZA875_20180719,AZA875,AZ875,4ca82e,EI-DTN,A320,GMMN,,LIRF,LIEE,unclear,diverted,unknown,4bb636ac,fuel_leak,diverted,unknown,2018-07-19,2018,7,19,2018-07,fuel_issue,LIEE,True,False
BAW2605_20180719,BAW2605,BA2605,406b83,G-GATR,A320,LIRN,EGKK,EGKK,,hydraulics,planned,unknown,4bb62e20,hydraulics,planned,unknown,2018-07-19,2018,7,19,2018-07,gear_hydraulics,,False,False
VIV1145_20180720,VIV1145,VB1145,4ca922,EI-ERH,A320,MMUN,,MMMY,,,,,,,,,2018-07-20,2018,7,20,2018-07,unspecified,,False,False
DAL84_20180720,DAL84,DL84,ab9387,N845MH,B764,KATL,LFPG,LFPG,,unclear,unclear,unknown,,,,,2018-07-20,2018,7,20,2018-07,unconfirmed_emergency,,False,False
ACA548_20180720,ACA548,AC548,c0293e,C-FPQB,B789,CYVR,,KEWR,,unclear,unclear,unknown,,,,,2018-07-20,2018,7,20,2018-07,unconfirmed_emergency,,False,False
TCX79AT_20180725,TCX79AT,MT1591,406b40,G-ZBAM,A321,LEIB,EGPF,EGPF,,tyre,planned,unknown,4bb9b07c,tyre,planned,unknown,2018-07-25,2018,7,25,2018-07,tyre,,False,False
CCA876_20180726,CCA876,CA876,7811a3,B-1467,B789,LFPG,LFPG,ZBAA,LFPG,bomb_threat,diverted,fueldump,,,,,2018-07-26,2018,7,26,2018-07,bomb_threat,LFPG,True,True
VOE24VW_20180726,VOE24VW,V72447,3455d8,EC-MTD,A319,LIRN,LFLL,LFBD,LFLL,unclear,diverted,unknown,,,,,2018-07-26,2018,7,26,2018-07,unconfirmed_emergency,LFLL,True,False
CFG8CM_20180726,CFG8CM,DE1441,3c49ea,D-ABOJ,B753,GCFV,LFPG,EDDH,LFPG,medical,diverted,unknown,,,,,2018-07-26,2018,7,26,2018-07,medical_emergency,LFPG,True,False
LAN471_20180726,LAN471,LA471,e80416,CC-BAF,A320,SAAR,,SCEL,,,,,,,,,2018-07-26,2018,7,26,2018-07,unspecified,,False,False
MRA655_20180728,MRA655,MRA655,a01616,N1041L,C208,KTYR,,KDFW,,,,,,,,,2018-07-28,2018,7,28,2018-07,unspecified,,False,False
AFL2200_20180729,AFL2200,SU2200,424599,VQ-BSL,A320,UUEE,ULLI,EFHK,ULLI,medical,diverted,unknown,,,,,2018-07-29,2018,7,29,2018-07,medical_emergency,ULLI,True,False
FDB836_20180730,FDB836,FZ836,8962b8,A6-FDM,B738,OEJN,,OMDB,,,,,,,,,2018-07-30,2018,7,30,2018-07,unspecified,,False,False
UAL41_20180730,UAL41,UA41,aa44cd,N76062,B764,LIRF,EGPF,KEWR,EGPF,medical,diverted,unknown,,,,,2018-07-30,2018,7,30,2018-07,medical_emergency,EGPF,True,False
QID268_20180730,QID268,,ae013c,60-0344,K35R,,EGUN,,,,,,,,,,2018-07-30,2018,7,30,2018-07,unspecified,,False,False
AAL484_20180731,AAL484,AA484,a031bd,N111US,A320,KOAK,KSFO,KDFW,KSFO,door,diverted,hold_to_reduce,,,,,2018-07-31,2018,7,31,2018-07,door,KSFO,True,True
VLG63PR_20180802,VLG63PR,VY6224,342398,EC-JTR,A320,LIRF,LIRF,EGKK,LIRF,medical,return,unknown,,,,,2018-08-02,2018,8,2,2018-08,medical_emergency,LIRF,True,False
CAP3238_20180804,CAP3238,,ad03a1,N938CP,C182,KRDU,KRDU,,,,,,,,,,2018-08-04,2018,8,4,2018-08,unspecified,,False,False
WJA211_20180804,WJA211,WS211,c07eda,C-GWAZ,B737,CYEG,CYVR,CYVR,,,,,,,,,2018-08-04,2018,8,4,2018-08,unspecified,,False,False
TVS1152_20180806,TVS1152,QS1152,508340,UR-CNP,B734,LKPR,LIPZ,LEMG,LIPZ,unclear,diverted,unknown,,,,,2018-08-06,2018,8,6,2018-08,unconfirmed_emergency,LIPZ,True,False
AAL43_20180808,AAL43,AA43,aae958,N802AN,B788,LIPZ,LFPG,KORD,LFPG,unclear,diverted,unknown,,,,,2018-08-08,2018,8,8,2018-08,unconfirmed_emergency,LFPG,True,False
CAL5321_20180808,CAL5321,CI5321,89911d,B-18709,B744,KJFK,,PANC,,,,,,,,,2018-08-08,2018,8,8,2018-08,unspecified,,False,False
VOI959_20180809,VOI959,Y4959,0d0932,XA-VLL,A320,KSAT,,MMGL,,,,,,,,,2018-08-09,2018,8,9,2018-08,unspecified,,False,False
SHT14P_20180811,SHT14P,BA1455,400afc,G-EUXD,A321,EGPH,EGLL,EGLL,,unclear,planned,unknown,,,,,2018-08-11,2018,8,11,2018-08,unconfirmed_emergency,,False,False
UAL463_20180812,UAL463,UA463,a923a9,N68823,B739,KLGA,KORD,KORD,,,,,,,,,2018-08-12,2018,8,12,2018-08,unspecified,,False,False
BCS5706_20180814,BCS5706,QY5706,4070a7,G-DHKB,B752,LIME,LIME,LROP,LIME,unclear,return,unknown,4bc5c976,cabin_pressure,return,unknown,2018-08-14,2018,8,14,2018-08,depressurization_cabin,LIME,True,False
AFR35MP_20180815,AFR35MP,AF1817,3991e6,F-HEPG,A320,EIDW,LFPG,LFPG,,engine,planned,unknown,,,,,2018-08-15,2018,8,15,2018-08,engine_problem,,False,False
WJA454_20180815,WJA454,WS454,c0371f,C-FUWS,B737,CYVR,,CYEG,,,,,,,,,2018-08-15,2018,8,15,2018-08,unspecified,,False,False
JLL360_20180816,JLL360,S2360,800173,VT-JGJ,B738,VILK,VABB,VABB,,unclear,unclear,unknown,,,,,2018-08-16,2018,8,16,2018-08,unconfirmed_emergency,,False,False
BAW22KV_20180817,BAW22KV,BA2724,3c1298,D-AWBB,B737,EGKK,EGKK,LEIB,EGKK,technical,return,unknown,,,,,2018-08-17,2018,8,17,2018-08,technical_systems,EGKK,True,False
FHY638_20180818,FHY638,FH638,4b9856,TC-FBV,A320,EGSH,EBBR,LTBS,EBBR,bird,diverted,hold_to_reduce,,,,,2018-08-18,2018,8,18,2018-08,bird_strike,EBBR,True,True
DAL564_20180820,DAL564,DL564,a44988,N3756,B738,KATL,,MMGL,,,,,,,,,2018-08-20,2018,8,20,2018-08,unspecified,,False,False
AAL2756_20180820,AAL2756,AA2756,ac754b,N9010R,A319,KDFW,,MSLP,,,,,,,,,2018-08-20,2018,8,20,2018-08,unspecified,,False,False
AMX493_20180821,AMX493,AM493,0d0707,XA-AMA,B738,KSJC,,MMMX,,,,,,,,,2018-08-21,2018,8,21,2018-08,unspecified,,False,False
ARG1488_20180822,ARG1488,AR1488,e07581,LV-GVA,B738,SABE,,SANE,,,,,,,,,2018-08-22,2018,8,22,2018-08,unspecified,,False,False
KAP47_20180824,KAP47,9K47,a8f51b,N6765T,C402,KLEB,KHPN,KHPN,,,,,,,,,2018-08-24,2018,8,24,2018-08,unspecified,,False,False
DAL389_20180826,DAL389,DL389,a3ad5a,N336NW,A320,KATL,MMSD,MMSD,,,,,,,,,2018-08-26,2018,8,26,2018-08,unspecified,,False,False
ROT1975_20180828,ROT1975,RO1975,4a08e6,YR-BGF,B737,LROP,,LROP,,unclear,unclear,unknown,,,,,2018-08-28,2018,8,28,2018-08,unconfirmed_emergency,,False,False
ICE82B_20180829,ICE82B,FI308,4cc270,TF-ISF,B752,BIKF,,ESSA,,,,,,,,,2018-08-29,2018,8,29,2018-08,unspecified,,False,False
WZZ8HT_20180830,WZZ8HT,W63031,471f63,HA-LXB,A321,LROP,EGKK,EGKK,,technical,planned,unknown,,,,,2018-08-30,2018,8,30,2018-08,technical_systems,,False,False
FDX5086_20180830,FDX5086,FX5086,acc619,N922FD,B752,LFPG,LFSB,LFSB,,unclear,planned,unknown,,,,,2018-08-30,2018,8,30,2018-08,unconfirmed_emergency,,False,False
RYR82HC_20180831,RYR82HC,FR2131,4ca852,EI-EMJ,B738,EGCC,EGCC,GCRR,EGCC,medical,return,unknown,,,,,2018-08-31,2018,8,31,2018-08,medical_emergency,EGCC,True,False
AFR377_20180831,AFR377,AF377,3949ee,F-GSPO,B772,KDTW,LFPG,LFPG,,medical,planned,unknown,,,,,2018-08-31,2018,8,31,2018-08,medical_emergency,,False,False
CMP253_20180902,CMP253,CM253,0c20ce,HP-1854CMP,B738,KLAS,,MPTO,,,,,,,,,2018-09-02,2018,9,2,2018-09,unspecified,,False,False
NDU604_20180902,NDU604,,a7d74b,N604ND,C172,KIWA,KIWA,KIWA,,,,,,,,,2018-09-02,2018,9,2,2018-09,unspecified,,False,False
WJA439_20180904,WJA439,WS439,c04c36,C-GCWJ,B737,CYYZ,,CYEG,,,,,,,,,2018-09-04,2018,9,4,2018-09,unspecified,,False,False
EZY78ED_20180905,EZY78ED,U21746,440181,OE-LQG,A319,EDDB,EDDF,LFBO,EDDF,smoke_burn_smell_flames,diverted,unknown,4bd4c17b,smoke_burn_smell_flames,diverted,unknown,2018-09-05,2018,9,5,2018-09,smoke_fire_fumes,EDDF,True,False
FPO01G_20180907,FPO01G,5O501,396674,F-GZTU,B737,LFPG,LFBD,LFRS,LFBD,unclear,diverted,unknown,,,,,2018-09-07,2018,9,7,2018-09,unconfirmed_emergency,LFBD,True,False
EZY8581_20180907,EZY8581,U28581,44014a,OE-IJB,A320,EGKK,LFPG,LEBL,LFPG,technical,diverted,unknown,,,,,2018-09-07,2018,9,7,2018-09,technical_systems,LFPG,True,False
QID503_20180908,QID503,,ae0475,58-0001,K35R,,EGUL,,,unclear,unclear,unknown,,,,,2018-09-08,2018,9,8,2018-09,unconfirmed_emergency,,False,False
SWR1249_20180908,SWR1249,LX1249,4b1801,HB-JCJ,BCS3,ESSA,LSZH,LSZH,,engine,planned,unknown,4bd699d2,engine,planned,unknown,2018-09-08,2018,9,8,2018-09,engine_problem,,False,False
BEL515_20180911,BEL515,SN515,44ccd5,OO-SFU,A332,EBBR,EBBR,KIAD,EBBR,technical,return,unknown,4bd8d7c0,instrument,return,unknown,2018-09-11,2018,9,11,2018-09,instruments_avionics,EBBR,True,False
JBU741_20180913,JBU741,B6741,a898a9,N653JB,A320,KBOS,,KSRQ,,,,,,,,,2018-09-13,2018,9,13,2018-09,unspecified,,False,False
ARG1478_20180916,ARG1478,AR1478,e071d1,LV-GGQ,B738,SANT,SABE,SABE,,,,,,,,,2018-09-16,2018,9,16,2018-09,unspecified,,False,False
LAN706_20180918,LAN706,LA706,e80451,CC-BGK,B789,SCEL,,LEMD,,,,,,,,,2018-09-18,2018,9,18,2018-09,unspecified,,False,False
AFR474_20180918,AFR474,AF474,3949ef,F-GSPP,B772,LFPG,LFPG,MPTO,LFPG,smoke_burn_smell_flames,return,unknown,4bdd92f0,smoke_burn_smell_flames,return,unknown,2018-09-18,2018,9,18,2018-09,smoke_fire_fumes,LFPG,True,False
UAL2421_20180918,UAL2421,UA2421,aa56b5,N76516,B738,KIAH,KLAS,KLAS,,,,,,,,,2018-09-18,2018,9,18,2018-09,unspecified,,False,False
UAL1640_20180918,UAL1640,UA1640,a05a25,N12125,B752,KLAX,KDEN,KEWR,KDEN,unclear,diverted,unknown,4bdd9121,smoke_burn_smell_flames,diverted,unknown,2018-09-18,2018,9,18,2018-09,smoke_fire_fumes,KDEN,True,False
UAL102_20180919,UAL102,UA102,a8dd7b,N670UA,B763,KIAH,,EDDM,,,,,,,,,2018-09-19,2018,9,19,2018-09,unspecified,,False,False
WJA175_20180921,WJA175,WS175,807eee,C-GWBT,B737,CYYZ,,CYWG,,,,,,,,,2018-09-21,2018,9,21,2018-09,unspecified,,False,False
SKW4569_20180921,SKW4569,DL4569,ab1d89,N815SK,CRJ9,KBUR,KSLC,KSLC,,,,,,,,,2018-09-21,2018,9,21,2018-09,unspecified,,False,False
RYR57KL_20180922,RYR57KL,FR1119,4cabbd,EI-FRN,B738,EGPH,EGSS,LFMK,EGSS,unclear,diverted,unknown,,,,,2018-09-22,2018,9,22,2018-09,unconfirmed_emergency,EGSS,True,False
GEC8231_20180922,GEC8231,GEC8231,3c706b,D-ALCK,MD11,KLAX,EDDF,EDDF,,unclear,unclear,unknown,4be05f07,fuel_leak,planned,unknown,2018-09-22,2018,9,22,2018-09,fuel_issue,,False,False
DJT100_20180924,DJT100,B0100,39cc06,F-HTAG,B752,LFPO,LFPO,KEWR,LFPO,unclear,return,hold_to_reduce,,,,,2018-09-24,2018,9,24,2018-09,unconfirmed_emergency,LFPO,True,True
EXS612_20180925,EXS612,LS612,4067c4,G-GDFL,B733,LEGE,LFRN,EGNX,LFRN,unclear,diverted,unknown,4be27bd9,medical,diverted,unknown,2018-09-25,2018,9,25,2018-09,medical_emergency,LFRN,True,False
SAS1049_20180928,SAS1049,SK1049,478397,LN-RRP,B736,ESNQ,ESPA,ESSA,ESPA,smoke_burn_smell_flames,unclear,unknown,4be477d0,engine,diverted,unknown,2018-09-28,2018,9,28,2018-09,engine_problem,ESPA,True,False
VLG1524_20180928,VLG1524,VY1524,343046,EC-KLB,A320,LEBL,LFRS,LFRN,LFRS,unclear,diverted,unknown,,,,,2018-09-28,2018,9,28,2018-09,unconfirmed_emergency,LFRS,True,False
RPA5936_20181001,RPA5936,DL5936,a1acdb,N207JQ,E75S,KDTW,KGRR,KGRR,,,,,,,,,2018-10-01,2018,10,1,2018-10,unspecified,,False,False
ACA833_20181002,ACA833,AC833,c051e6,C-GFAJ,A333,EBBR,CYUL,CYUL,,,,,,,,,2018-10-02,2018,10,2,2018-10,unspecified,,False,False
ARG1284_20181002,ARG1284,AR1284,e07191,LV-GFQ,B738,SAEZ,SCEL,SCEL,,,,,,,,,2018-10-02,2018,10,2,2018-10,unspecified,,False,False
ROU1681_20181003,ROU1681,AC1681,c01945,C-FJOU,A321,CYYZ,CYYJ,CYYJ,,,,,,,,,2018-10-03,2018,10,3,2018-10,unspecified,,False,False
QID613_20181003,QID613,,ae0390,63-7999,K35R,,EGUN,,,unclear,unclear,unknown,,,,,2018-10-03,2018,10,3,2018-10,unconfirmed_emergency,,False,False
WJA2_20181004,WJA2,WS2,c06a4a,C-GOGN,B763,EGKK,EGPF,CYYC,EGPF,medical,diverted,unknown,,,,,2018-10-04,2018,10,4,2018-10,medical_emergency,EGPF,True,False
CFG226_20181006,CFG226,DE2226,3c4aa1,D-ABUA,B763,EDDF,EDDF,MDPC,EDDF,unclear,return,unknown,,,,,2018-10-06,2018,10,6,2018-10,unconfirmed_emergency,EDDF,True,False
IBK7MZ_20181006,IBK7MZ,D82671,406f26,G-NRWY,B738,LPFR,LFRS,EGKK,LFRS,unclear,diverted,unknown,,,,,2018-10-06,2018,10,6,2018-10,unconfirmed_emergency,LFRS,True,False
EZY74PB_20181007,EZY74PB,U26939,440080,OE-IVI,A320,EGPH,EGPH,EPKK,EGPH,medical,return,unknown,,,,,2018-10-07,2018,10,7,2018-10,medical_emergency,EGPH,True,False
BRU974_20181008,BRU974,B2974,51008d,EW-437PA,B738,UUBW,,UMMS,,unclear,unclear,unknown,4bec1438,cabin_pressure,planned,unknown,2018-10-08,2018,10,8,2018-10,depressurization_cabin,,False,False
SHT3L_20181009,SHT3L,BA1399,40087a,G-EUPK,A319,EGCC,EGLL,EGLL,,landing_gear,planned,unknown,,,,,2018-10-09,2018,10,9,2018-10,gear_hydraulics,,False,False
RYR22BH_20181009,RYR22BH,FR6606,4cace0,EI-GJT,B738,LPPR,EGPH,EGPH,,unclear,planned,unknown,4cea9f3f,misc,planned,unknown,2018-10-09,2018,10,9,2018-10,unconfirmed_emergency,,False,False
SVA020_20181011,SVA020,SV20,710121,HZ-AK43,B77W,KJFK,LFPG,OEJN,LFPG,unclear,diverted,unknown,,,,,2018-10-11,2018,10,11,2018-10,unconfirmed_emergency,LFPG,True,False
TCX4HR_20181012,TCX4HR,MT1063,4069ea,G-TCDB,A321,LEMH,EGBB,EGGD,EGBB,medical,diverted,unknown,,,,,2018-10-12,2018,10,12,2018-10,medical_emergency,EGBB,True,False
DLH8AH_20181013,DLH8AH,LH2382,3c4dcd,D-ACNM,CRJ9,EDDM,LSGG,LSGG,,smoke_burn_smell_flames,planned,unknown,4beec724,smoke_burn_smell_flames,planned,unknown,2018-10-13,2018,10,13,2018-10,smoke_fire_fumes,,False,False
AVA088_20181013,AVA088,AV88,aabbd0,N791AV,B788,SAEZ,SAEZ,SKBO,SAEZ,technical,return,unknown,4bf02c72,slats,return,fueldump,2018-10-13,2018,10,13,2018-10,technical_systems,SAEZ,True,True
UAL933_20181014,UAL933,UA933,a1d546,N217UA,B772,EDDF,KIAD,KIAD,,,,,,,,,2018-10-14,2018,10,14,2018-10,unspecified,,False,False
WZZ6TM_20181015,WZZ6TM,W61593,471ea5,HA-LPT,A320,EPWA,,LPPT,LKPR,medical,diverted,unknown,,,,,2018-10-15,2018,10,15,2018-10,medical_emergency,LKPR,True,False
AFR17DA_20181017,AFR17DA,AF1605,392af8,F-GKXY,A320,LIRF,LIMC,LFPG,LIMC,technical,diverted,unknown,4bf2321a,fuel_leak,diverted,unknown,2018-10-17,2018,10,17,2018-10,fuel_issue,LIMC,True,False
SKW4539_20181018,SKW4539,DL4539,aa75c6,N773SK,CRJ7,KTUS,,KSLC,,,,,,,,,2018-10-18,2018,10,18,2018-10,unspecified,,False,False
CFG184_20181020,CFG184,DE2184,3c4aaf,D-ABUO,B763,EDDF,EDDF,MUHA,EDDF,medical,diverted,unknown,,,,,2018-10-20,2018,10,20,2018-10,medical_emergency,EDDF,True,False
DAL933_20181020,DAL933,DL933,a48e3a,N393DA,B738,KSLC,,MMUN,,,,,,,,,2018-10-20,2018,10,20,2018-10,unspecified,,False,False
JBU570_20181021,JBU570,B6570,a8222c,N623JB,A320,KFLL,KBOS,KBOS,,,,,,,,,2018-10-21,2018,10,21,2018-10,unspecified,,False,False
EVA011_20181023,EVA011,,8990d7,B-16708,B77W,,,,,,,,,,,,2018-10-23,2018,10,23,2018-10,unspecified,,False,False
FDX621_20181023,FDX621,FX621,a83477,N628FE,MD11,KAUS,,KMEM,,,,,,,,,2018-10-23,2018,10,23,2018-10,unspecified,,False,False
DAL589_20181023,DAL589,DL589,ab03a4,N809DN,B739,KMSP,KMSP,KSEA,KMSP,cracked_windshield,return,unknown,4bf6199a,misc,return,unknown,2018-10-23,2018,10,23,2018-10,cracked_windshield,KMSP,True,False
ASH6004_20181024,ASH6004,AA6004,ad4bfb,N956LR,CRJ9,KDFW,KMFE,KMFE,,,,,,,,,2018-10-24,2018,10,24,2018-10,unspecified,,False,False
ARG1141_20181025,ARG1141,AR1141,e06589,LV-FVI,A332,LIRF,,SAEZ,,,,,,,,,2018-10-25,2018,10,25,2018-10,unspecified,,False,False
UAL1566_20181026,UAL1566,UA1566,a52c4f,N432UA,A320,KIAD,MMMX,MMMX,,,,,,,,,2018-10-26,2018,10,26,2018-10,unspecified,,False,False
STK85YM_20181027,STK85YM,EI3805,4caad8,EI-FAT,AT76,EGPH,EGPF,EICK,EGPF,unclear,diverted,unknown,,,,,2018-10-27,2018,10,27,2018-10,unconfirmed_emergency,EGPF,True,False
AFR24NG_20181029,AFR24NG,AF6023,393320,F-GMZA,A321,LFML,LFLL,LFPO,LFLL,smoke_burn_smell_flames,diverted,unknown,,,,,2018-10-29,2018,10,29,2018-10,smoke_fire_fumes,LFLL,True,False
VIV3719_20181030,VIV3719,VB3719,0d0ac8,XA-VAY,A320,MMTJ,,MMMX,,,,,,,,,2018-10-30,2018,10,30,2018-10,unspecified,,False,False
FDX1446_20181031,FDX1446,FX1446,aa1e41,N751FD,A306,KMEM,KPIT,KPIT,,,,,,,,,2018-10-31,2018,10,31,2018-10,unspecified,,False,False
TAP087_20181101,TAP087,TP87,4951e2,CS-TOB,A343,LPPT,,SBGR,,,,,,,,,2018-11-01,2018,11,1,2018-11,unspecified,,False,False
DAL2412_20181101,DAL2412,DL2412,abd2e6,N861DN,B739,KMSP,KSFO,KSFO,,unclear,unclear,unknown,,,,,2018-11-01,2018,11,1,2018-11,unconfirmed_emergency,,False,False
UAL1014_20181101,UAL1014,UA1014,a923a9,N68823,B739,KIAH,,MMUN,,,,,,,,,2018-11-01,2018,11,1,2018-11,unspecified,,False,False
ASH6075_20181102,ASH6075,UA6075,ac0418,N87319,E75L,KOKC,KIAD,KIAD,,,,,,,,,2018-11-02,2018,11,2,2018-11,unspecified,,False,False
JKR85_20181104,JKR85,,aba7d7,N850FB,H25B,,KDAL,,,,,,,,,,2018-11-04,2018,11,4,2018-11,unspecified,,False,False
TAP573_20181105,TAP573,TP573,495296,CS-TTV,A319,EDDF,LFPO,LPPT,LFPO,medical,diverted,unknown,,,,,2018-11-05,2018,11,5,2018-11,medical_emergency,LFPO,True,False
TOM38V_20181106,TOM38V,BY4226,40665f,G-TAWB,B738,EGKK,,GCTS,LPPT,medical,diverted,unknown,,,,,2018-11-06,2018,11,6,2018-11,medical_emergency,LPPT,True,False
BAW269_20181106,BAW269,BA269,406a04,G-XLEE,A388,EGLL,EGLL,KLAX,EGLL,engine,return,fueldump,,,,,2018-11-06,2018,11,6,2018-11,engine_problem,EGLL,True,True
SKW5932_20181106,SKW5932,UA5932,a1a9f4,N206SY,E75L,KSFO,KSFO,KMSP,KSFO,unclear,return,unknown,,,,,2018-11-06,2018,11,6,2018-11,unconfirmed_emergency,KSFO,True,False
RYR7VF_20181107,RYR7VF,FR1909,4caca9,EI-GDZ,B738,EPGD,EGNT,EIDW,EGNT,medical,diverted,unknown,,,,,2018-11-07,2018,11,7,2018-11,medical_emergency,EGNT,True,False
ICE430_20181108,ICE430,FI430,4cc2a3,TF-FIN,B752,BIKF,,EGPF,,unclear,unclear,unknown,,,,,2018-11-08,2018,11,8,2018-11,unconfirmed_emergency,,False,False
SWA1948_20181108,SWA1948,WN1948,abb8ea,N8542Z,B738,KSDF,KDEN,KDEN,,,,,,,,,2018-11-08,2018,11,8,2018-11,unspecified,,False,False
AZA74F_20181108,AZA74F,AZ110,4ca7bd,EI-DTF,A320,LIRF,EDDF,EHAM,EDDF,unclear,diverted,unknown,,,,,2018-11-08,2018,11,8,2018-11,unconfirmed_emergency,EDDF,True,False
VIR651Y_20181109,VIR651Y,VS651,400f63,G-VWEB,A346,EGLL,LEBL,DNMM,LEBL,medical,diverted,fueldump,,,,,2018-11-09,2018,11,9,2018-11,medical_emergency,LEBL,True,True
TPU966_20181112,TPU966,AV966,a611c2,N490TA,A320,SAEZ,,SPJC,,,,,,,,,2018-11-12,2018,11,12,2018-11,unspecified,,False,False
ENY3436_20181113,ENY3436,AA3436,a252a7,N249NN,E75L,KDFW,KXNA,KXNA,,,,,,,,,2018-11-13,2018,11,13,2018-11,unspecified,,False,False
AAL2665_20181113,AAL2665,AA2665,a47903,N388AA,B763,KPHL,KPHL,KMIA,KPHL,cabin_pressure,return,unknown,4c05e30c,maintenance,return,unknown,2018-11-13,2018,11,13,2018-11,depressurization_cabin,KPHL,True,False
AFR102J_20181114,AFR102J,AF1024,392af8,F-GKXY,A320,LFPG,,LPPT,LFBD,technical,diverted,unknown,,,,,2018-11-14,2018,11,14,2018-11,technical_systems,LFBD,True,False
SWA2263_20181116,SWA2263,WN2263,aaa929,N7860A,B737,KLAX,KPHX,KPHX,,,,,,,,,2018-11-16,2018,11,16,2018-11,unspecified,,False,False
BAW869_20181117,BAW869,BA869,400980,G-EUUE,A320,LHBP,,EGLL,,unclear,planned,unknown,,,,,2018-11-17,2018,11,17,2018-11,unconfirmed_emergency,,False,False
AFR1464_20181119,AFR1464,AF1464,3944f3,F-GRHT,A319,LFPG,LFPG,ULLI,LFPG,unclear,return,unknown,,,,,2018-11-19,2018,11,19,2018-11,unconfirmed_emergency,LFPG,True,False
GLO1524_20181119,GLO1524,G31524,e48c2f,PR-GUX,B738,SBGR,SBFZ,SBFZ,,,,,,,,,2018-11-19,2018,11,19,2018-11,unspecified,,False,False
EZY130_20181123,EZY130,U2130,4074af,G-EZRP,A320,EGAA,EGCC,EGCC,,unclear,planned,unknown,,,,,2018-11-23,2018,11,23,2018-11,unconfirmed_emergency,,False,False
AFR362V_20181123,AFR362V,AF362V,3991e1,F-HEPB,A320,LFBO,LFPG,LFPG,,unclear,planned,unknown,,,,,2018-11-23,2018,11,23,2018-11,unconfirmed_emergency,,False,False
UAL21_20181124,UAL21,UA21,a92d6d,N69020,B772,EHAM,EGPH,KIAH,EGPH,unclear,diverted,unknown,,,,,2018-11-24,2018,11,24,2018-11,unconfirmed_emergency,EGPH,True,False
VIR16B_20181125,VIR16B,VS16,4008f6,G-VROS,B744,KMCO,,EGKK,EIDW,medical,diverted,unknown,,,,,2018-11-25,2018,11,25,2018-11,medical_emergency,EIDW,True,False
SHT64U_20181126,SHT64U,BA1469,400941,G-EUOI,A319,EGPE,EGLL,EGLL,,cabin_pressure,planned,unknown,,,,,2018-11-26,2018,11,26,2018-11,depressurization_cabin,,False,False
CRL911_20181126,CRL911,SS911,39ca8d,F-HSUN,B744,FMEE,LFPO,LFPO,,bird,planned,unknown,,,,,2018-11-26,2018,11,26,2018-11,bird_strike,,False,False
JIA5686_20181128,JIA5686,OH5686,a79890,N589NN,CRJ9,KCLT,,KLIT,,,,,,,,,2018-11-28,2018,11,28,2018-11,unspecified,,False,False
AAL63_20181129,AAL63,AA63,aa1dcd,N751AN,B772,LFPG,EINN,KMIA,EINN,engine,diverted,unknown,4c0ea5a0,engine,diverted,unknown,2018-11-29,2018,11,29,2018-11,engine_problem,EINN,True,False
UAL818_20181201,UAL818,UA818,a43667,N37018,B772,SAEZ,,KIAH,,,,,,,,,2018-12-01,2018,12,1,2018-12,unspecified,,False,False
AAL80_20181201,AAL80,AA80,aaa6dd,N786AN,B772,KDFW,,EGLL,,,,,,,,,2018-12-01,2018,12,1,2018-12,unspecified,,False,False
SWA3763_20181202,SWA3763,WN3763,a2536f,N249WN,B737,KLGA,KMDW,KMDW,,,,,,,,,2018-12-02,2018,12,2,2018-12,unspecified,,False,False
IBK5FM_20181203,IBK5FM,D85330,4ca5c0,EI-FHX,B738,LEAL,,ENTO,LFPO,unclear,diverted,unknown,,,,,2018-12-03,2018,12,3,2018-12,unconfirmed_emergency,LFPO,True,False
QXE2235_20181203,QXE2235,AS2235,a83f30,N630QX,E75L,KPHX,,KSEA,,,,,,,,,2018-12-03,2018,12,3,2018-12,unspecified,,False,False
SWA1915_20181205,SWA1915,WN1915,a620f5,N494WN,B737,KSMF,KLAS,KLAS,,,,,,,,,2018-12-05,2018,12,5,2018-12,unspecified,,False,False
AAL2536_20181205,AAL2536,AA2536,ac72af,N9008U,A319,KDFW,KMSY,KMSY,,,,,,,,,2018-12-05,2018,12,5,2018-12,unspecified,,False,False
AFR765U_20181206,AFR765U,AF7651,392aeb,F-GKXL,A320,LFLL,LFPG,LFPG,,cabin_pressure,unclear,unknown,,,,,2018-12-06,2018,12,6,2018-12,depressurization_cabin,,False,False
AAL207_20181206,AAL207,AA207,a47903,N388AA,B763,LIMC,,KMIA,KJFK,technical,diverted,unknown,,,,,2018-12-06,2018,12,6,2018-12,technical_systems,KJFK,True,False
ABY1692_20181206,ABY1692,G91692,8964da,A6-AOT,A320,OEJN,OMSJ,OMSJ,,unclear,unclear,unknown,,,,,2018-12-06,2018,12,6,2018-12,unconfirmed_emergency,,False,False
ARG1543_20181207,ARG1543,AR1543,e072d3,LV-GKS,B738,SAME,SABE,SABE,,,,,,,,,2018-12-07,2018,12,7,2018-12,unspecified,,False,False
EWG7AB_20181207,EWG7AB,EW9770,3c4895,D-ABDU,A320,EDDL,EDDN,LKPR,EDDN,medical,diverted,unknown,,,,,2018-12-07,2018,12,7,2018-12,medical_emergency,EDDN,True,False
RPA4499_20181208,RPA4499,AA4499,a0634c,N124HQ,E75S,KDCA,KHSV,KHSV,,,,,,,,,2018-12-08,2018,12,8,2018-12,unspecified,,False,False
CPZ6064_20181209,CPZ6064,AA6064,a1d4bc,N217NN,E75L,KLAX,KRNO,KRNO,,,,,,,,,2018-12-09,2018,12,9,2018-12,unspecified,,False,False
EZY64VZ_20181209,EZY64VZ,U26982,405635,G-EZDF,A319,LPPT,EGPH,EGPH,,unclear,unclear,unknown,,,,,2018-12-09,2018,12,9,2018-12,unconfirmed_emergency,,False,False
UAL14_20181211,UAL14,UA14,a8a110,N655UA,B763,KEWR,,EGLL,,unclear,planned,unknown,,,,,2018-12-11,2018,12,11,2018-12,unconfirmed_emergency,,False,False
EJA515_20181211,EJA515,1I515,a67571,N515QS,C68A,,KCMH,,,unclear,unclear,unknown,,,,,2018-12-11,2018,12,11,2018-12,unconfirmed_emergency,,False,False
LET7239_20181212,LET7239,,0d08d4,XA-MBT,LJ75,,,,,,,,,,,,2018-12-12,2018,12,12,2018-12,unspecified,,False,False
AZU8710_20181212,AZU8710,AD8710,e4910e,PR-AIW,A332,SBRF,,KMCO,,,,,,,,,2018-12-12,2018,12,12,2018-12,unspecified,,False,False
EZY42LB_20181213,EZY42LB,U26995,405635,G-EZDF,A319,EGPH,EGGD,LEMD,EGGD,unclear,diverted,unknown,,,,,2018-12-13,2018,12,13,2018-12,unconfirmed_emergency,EGGD,True,False
OPT374_20181214,OPT374,,a4433a,N374FX,E55P,,KLAX,,,unclear,unclear,unknown,,,,,2018-12-14,2018,12,14,2018-12,unconfirmed_emergency,,False,False
RYR51AA_20181215,RYR51AA,FR7124,4ca84a,EI-EMB,B738,EIDW,EIDW,GCRR,EIDW,unclear,return,unknown,,,,,2018-12-15,2018,12,15,2018-12,unconfirmed_emergency,EIDW,True,False
SHT13H_20181216,SHT13H,BA1327,400804,G-EUPD,A319,EGNT,EGLL,EGLL,,engine,planned,unknown,,,,,2018-12-16,2018,12,16,2018-12,engine_problem,,False,False
NKS1083_20181220,NKS1083,NK1083,a86671,N640NK,A320,KMCO,KDFW,KDFW,,,,,,,,,2018-12-20,2018,12,20,2018-12,unspecified,,False,False
ASA395_20181221,ASA395,AS395,a5bb1b,N469AS,B739,KSEA,KPDX,KPDX,,,,,,,,,2018-12-21,2018,12,21,2018-12,unspecified,,False,False
AAL1619_20181221,AAL1619,AA1619,abfb46,N871NN,B738,KPHX,,KSEA,,,,,,,,,2018-12-21,2018,12,21,2018-12,unspecified,,False,False
NJE731L_20181221,NJE731L,,494101,CS-PHA,E55P,,,,,unclear,unclear,unknown,,,,,2018-12-21,2018,12,21,2018-12,unconfirmed_emergency,,False,False
UPS2916_20181221,UPS2916,5X2916,a2682a,N254UP,MD11,KSDF,KMCI,KONT,KMCI,unclear,diverted,unknown,,,,,2018-12-21,2018,12,21,2018-12,unconfirmed_emergency,KMCI,True,False
GLO1523_20181223,GLO1523,G31523,e47ecd,PR-GTA,B738,SBFZ,,SBGR,,,,,,,,,2018-12-23,2018,12,23,2018-12,unspecified,,False,False
BAW2578_20181226,BAW2578,BA2578,406b58,G-GATH,A320,EGKK,LFPG,LIMF,LFPG,smoke_burn_smell_flames,diverted,unknown,4c2125ae,smoke_burn_smell_flames,diverted,unknown,2018-12-26,2018,12,26,2018-12,smoke_fire_fumes,LFPG,True,False
SWA2310_20181229,SWA2310,WN2310,abc7a3,N8581Z,B738,KBWI,KALB,KALB,,,,,,,,,2018-12-29,2018,12,29,2018-12,unspecified,,False,False
UAE816_20181229,UAE816,EK816,896316,A6-ENT,B77W,OERK,OMDB,OMDB,,medical,planned,unknown,,,,,2018-12-29,2018,12,29,2018-12,medical_emergency,,False,False
WOW76P_20181230,WOW76P,WW761,4cc4ff,TF-JOY,A321,EDDF,EGPH,BIKF,EGPH,medical,diverted,unknown,,,,,2018-12-30,2018,12,30,2018-12,medical_emergency,EGPH,True,False
JIA5633_20181231,JIA5633,AA5633,a70bc9,N553NN,CRJ9,KPIT,KCLT,KCLT,,,,,,,,,2018-12-31,2018,12,31,2018-12,unspecified,,False,False
ACA878_20190101,ACA878,AC878,c038a7,C-FVLU,B789,CYYZ,,LSZH,,,,,,,,,2019-01-01,2019,1,1,2019-01,unspecified,,False,False
AAL944_20190104,AAL944,AA944,aae465,N8001N,A319,KSTL,KMIA,KMIA,,,,,,,,,2019-01-04,2019,1,4,2019-01,unspecified,,False,False
QXE2554_20190106,QXE2554,AS2554,a822d6,N623QX,E75L,KSJC,KPDX,KPDX,,,,,,,,,2019-01-06,2019,1,6,2019-01,unspecified,,False,False
CCM780R_20190108,CCM780R,XK780,398640,F-HBSA,A320,LFKB,LFLL,LFPO,LFLL,unclear,diverted,unknown,,,,,2019-01-08,2019,1,8,2019-01,unconfirmed_emergency,LFLL,True,False
TVF19JZ_20190108,TVF19JZ,,3964e3,F-GZHD,B738,,LFPO,,,unclear,unclear,unknown,,,,,2019-01-08,2019,1,8,2019-01,unconfirmed_emergency,,False,False
AWI4856_20190109,AWI4856,UA4856,a58fe9,N458AW,CRJ2,KORD,KMKE,KMKE,,,,,,,,,2019-01-09,2019,1,9,2019-01,unspecified,,False,False
AAL305_20190110,AAL305,AA305,a09cad,N139AN,A321,KMIA,KDFW,KSEA,KDFW,medical,diverted,unknown,,,,,2019-01-10,2019,1,10,2019-01,medical_emergency,KDFW,True,False
CPZ6033_20190110,CPZ6033,CP6033,a1cd4e,N215NN,E75L,KLAX,KPDX,KSFO,KPDX,,,,,,,,2019-01-10,2019,1,10,2019-01,unspecified,KPDX,True,False
SWA1260_20190110,SWA1260,WN1260,abb4ea,N8530W,B738,KDAL,KPHL,KPHL,,,,,,,,,2019-01-10,2019,1,10,2019-01,unspecified,,False,False
EZY73ED_20190110,EZY73ED,U28200,400db1,G-EZAN,A319,LIMC,LFPG,EGKK,LFPG,medical,diverted,unknown,,,,,2019-01-10,2019,1,10,2019-01,medical_emergency,LFPG,True,False
WIG8407_20190111,WIG8407,WIG8407,a9cf55,N731FX,C208,KALB,,KPBG,,,,,,,,,2019-01-11,2019,1,11,2019-01,unspecified,,False,False
NKS327_20190112,NKS327,NK327,a9335a,N692NK,A320,KBWI,,KIAH,,,,,,,,,2019-01-12,2019,1,12,2019-01,unspecified,,False,False
AAL1328_20190112,AAL1328,AA1328,abca00,N859NN,B738,KDFW,KCOS,KCOS,,,,,,,,,2019-01-12,2019,1,12,2019-01,unspecified,,False,False
STK265B_20190113,STK265B,EI3265,4ca161,EI-FCZ,AT76,EGBB,EGCC,EIDW,EGCC,medical,diverted,unknown,,,,,2019-01-13,2019,1,13,2019-01,medical_emergency,EGCC,True,False
ICE53B_20190114,ICE53B,FI441,4cc271,TF-ISK,B752,EGCC,EGPF,BIKF,EGPF,smoke_burn_smell_flames,diverted,unknown,4c2eb46c,smoke_burn_smell_flames,diverted,unknown,2019-01-14,2019,1,14,2019-01,smoke_fire_fumes,EGPF,True,False
CLX7303_20190116,CLX7303,CV7303,4d0113,LX-VCJ,B748,WMKK,,ZHCC,WMKK,smoke_burn_smell_flames,return,unknown,4c2f22d4,smoke_burn_smell_flames,return,unknown,2019-01-16,2019,1,16,2019-01,smoke_fire_fumes,WMKK,True,False
VIR3N_20190117,VIR3N,VS3,4063e6,G-VSXY,A333,EGLL,EGLL,KJFK,EGLL,engine,return,unknown,4c2ff008,engine,return,unknown,2019-01-17,2019,1,17,2019-01,engine_problem,EGLL,True,False
EZY721Z_20190118,EZY721Z,U24319,405631,G-EZDA,A319,LFLL,LFLL,LFRN,LFLL,unclear,return,unknown,,,,,2019-01-18,2019,1,18,2019-01,unconfirmed_emergency,LFLL,True,False
RPA3301_20190118,RPA3301,UA3301,a871ec,N643RW,E170,CYRQ,KIND,KIND,,,,,,,,,2019-01-18,2019,1,18,2019-01,unspecified,,False,False
AVA088_20190120,AVA088,AV88,a2c7ff,N279AV,A332,SAEZ,,SKBO,,,,,,,,,2019-01-20,2019,1,20,2019-01,unspecified,,False,False
UAL342_20190120,UAL342,UA342,aa7e7a,N77536,B738,KORD,KPHL,KBOS,KPHL,fuel_leak,diverted,unknown,,,,,2019-01-20,2019,1,20,2019-01,fuel_issue,KPHL,True,False
EZY64UQ_20190120,EZY64UQ,U2889,40631d,G-EZFY,A319,EGKK,EGPF,EGPF,,technical,planned,unknown,,,,,2019-01-20,2019,1,20,2019-01,technical_systems,,False,False
TAM3090_20190120,TAM3090,LA3090,e4808c,PR-MHF,A320,SBGL,,SBSG,,,,,,,,,2019-01-20,2019,1,20,2019-01,unspecified,,False,False
VOI893_20190120,VOI893,Y4893,a6a11e,N526VL,A320,KDFW,,MMGL,,,,,,,,,2019-01-20,2019,1,20,2019-01,unspecified,,False,False
GLO1586_20190121,GLO1586,G31586,e4814a,PR-VBF,B738,SBGR,,SBSG,,,,,,,,,2019-01-21,2019,1,21,2019-01,unspecified,,False,False
SHT18H_20190121,SHT18H,BA1318,400940,G-EUOH,A319,EGLL,,EGPD,,medical,planned,unknown,,,,,2019-01-21,2019,1,21,2019-01,medical_emergency,,False,False
SKW5113_20190121,SKW5113,UA5113,acae9a,N916SW,CRJ2,KDEN,KDEN,KRKS,KDEN,unclear,return,hold_to_reduce,,,,,2019-01-21,2019,1,21,2019-01,unconfirmed_emergency,KDEN,True,True
AAL1860_20190123,AAL1860,AA1860,aa2e6f,N755US,A319,KCLT,KALB,KALB,,,,,,,,,2019-01-23,2019,1,23,2019-01,unspecified,,False,False
AIJ2454_20190124,AIJ2454,4O2454,0d0abb,XA-JOE,A21N,MMMX,MMHO,MMHO,,,,,,,,,2019-01-24,2019,1,24,2019-01,unspecified,,False,False
JIA5203_20190124,JIA5203,AA5203,a7b4ea,N596NN,CRJ9,KPIT,KCLT,KCLT,,,,,,,,,2019-01-24,2019,1,24,2019-01,unspecified,,False,False
KLM1293_20190124,KLM1293,KL1293,48455b,PH-BGD,B737,EHAM,EGPH,EGPH,,unclear,planned,unknown,,,,,2019-01-24,2019,1,24,2019-01,unconfirmed_emergency,,False,False
IRO8955_20190125,IRO8955,IRO8955,a9840e,N712FX,C208,KFNT,,KAPN,,,,,,,,,2019-01-25,2019,1,25,2019-01,unspecified,,False,False
TAO536_20190126,TAO536,VW536,0d0a25,XA-UYM,AT76,MMPS,MMMX,MMMX,,,,,,,,,2019-01-26,2019,1,26,2019-01,unspecified,,False,False
FFT1428_20190126,FFT1428,F91428,a98408,N712FR,A321,KPHX,KPHX,KORD,KPHX,unclear,return,hold_to_reduce,,,,,2019-01-26,2019,1,26,2019-01,unconfirmed_emergency,KPHX,True,True
BAW91C_20190126,BAW91C,BA191,406948,G-STBH,B77W,EGLL,EGPF,KAUS,EGPF,medical,diverted,fueldump,,,,,2019-01-26,2019,1,26,2019-01,medical_emergency,EGPF,True,True
EJA404_20190128,EJA404,1I404,a4bcec,N404QS,E55P,,KMCO,,,,,,,,,,2019-01-28,2019,1,28,2019-01,unspecified,,False,False
ACA265_20190128,ACA265,AC265,c010ea,C-FGKN,A321,CYYZ,,CYWG,,,,,,,,,2019-01-28,2019,1,28,2019-01,unspecified,,False,False
WJA706_20190129,WJA706,WS706,c07e62,C-GVWJ,B737,CYVR,CYYZ,CYYZ,,,,,,,,,2019-01-29,2019,1,29,2019-01,unspecified,,False,False
SWA1687_20190129,SWA1687,WN1687,a7130c,N555LV,B737,KBWI,,TJSJ,,,,,,,,,2019-01-29,2019,1,29,2019-01,unspecified,,False,False
UAL1010_20190130,UAL1010,UA1010,a3ef1b,N35236,B738,KIAH,,MMUN,,,,,,,,,2019-01-30,2019,1,30,2019-01,unspecified,,False,False
AFR724_20190201,AFR724,AF724,392f29,F-GLZJ,A343,LFPG,LFPG,GQNO,LFPG,medical,return,unknown,,,,,2019-02-01,2019,2,1,2019-02,medical_emergency,LFPG,True,False
GLO1591_20190201,GLO1591,G31591,e4814a,PR-VBF,B738,SBSG,,SBGR,,,,,,,,,2019-02-01,2019,2,1,2019-02,unspecified,,False,False
UAL62_20190202,UAL62,UA62,a8c4d8,N664UA,B763,KIAH,,SBGR,,,,,,,,,2019-02-02,2019,2,2,2019-02,unspecified,,False,False
RPA6119_20190203,RPA6119,DL6119,a1acdb,N207JQ,E75S,KBOS,KRIC,KRIC,,,,,,,,,2019-02-03,2019,2,3,2019-02,unspecified,,False,False
AMC101_20190204,AMC101,KM101,4d2025,9H-AEO,A320,EGLL,LSGG,LMML,LSGG,medical,diverted,unknown,,,,,2019-02-04,2019,2,4,2019-02,medical_emergency,LSGG,True,False
SVA926_20190205,SVA926,SV926,71001b,HZ-AI4,B748,EDDF,EDDF,OERK,EDDF,unclear,return,unknown,4c5d339a,medical,return,unknown,2019-02-05,2019,2,5,2019-02,medical_emergency,EDDF,True,False
FDX1650_20190206,FDX1650,FX1650,a7fa65,N613FE,MD11,KLAX,KIND,KIND,,,,,,,,,2019-02-06,2019,2,6,2019-02,unspecified,,False,False
UAE15_20190208,UAE15,EK15,8960ed,A6-EDL,A388,OMDB,EGCC,EGKK,EGCC,weather_damage,diverted,unknown,4c43df30,misc,diverted,unknown,2019-02-08,2019,2,8,2019-02,weather_turbulence,EGCC,True,False
AMX008_20190209,AMX008,AM8,ad7633,N967AM,B788,EGLL,,MMMX,EGLL,cabin_pressure,return,unknown,4c406589,air_condition,return,unknown,2019-02-09,2019,2,9,2019-02,depressurization_cabin,EGLL,True,False
DLH595_20190214,DLH595,LH595,3c6573,D-AIKS,A333,DNAA,,EDDF,,unclear,unclear,unknown,,,,,2019-02-14,2019,2,14,2019-02,unconfirmed_emergency,,False,False
AAL2772_20190215,AAL2772,AA2772,ac0dd9,N876NN,B738,KJFK,KAUS,KAUS,,,,,,,,,2019-02-15,2019,2,15,2019-02,unspecified,,False,False
GLO1554_20190215,GLO1554,G31554,e47faa,PR-GTJ,B738,SBSP,,SBRF,,,,,,,,,2019-02-15,2019,2,15,2019-02,unspecified,,False,False
JBU1166_20190217,JBU1166,B61166,aac3f4,N793JB,A320,KLGB,KSMF,KSMF,,,,,,,,,2019-02-17,2019,2,17,2019-02,unspecified,,False,False
NAA6030_20190218,NAA6030,DN6030,e08448,LV-HQH,B738,SABE,,SACO,,,,,,,,,2019-02-18,2019,2,18,2019-02,unspecified,,False,False
EZY13MR_20190218,EZY13MR,U23385,400d8c,G-EZAB,A319,LIPZ,EGPH,EGPH,,unclear,planned,unknown,,,,,2019-02-18,2019,2,18,2019-02,unconfirmed_emergency,,False,False
WJA701_20190219,WJA701,WS701,c0809d,C-GWSI,B736,CYYZ,,CYVR,,,,,,,,,2019-02-19,2019,2,19,2019-02,unspecified,,False,False
AZU8750_20190221,AZU8750,AD8750,e4908e,PR-AIV,A332,SBKP,,LPPT,,,,,,,,,2019-02-21,2019,2,21,2019-02,unspecified,,False,False
FDX5392_20190221,FDX5392,FX5392,a841f5,N631FE,MD11,LFPG,LFPG,KEWR,LFPG,unclear,return,unknown,,,,,2019-02-21,2019,2,21,2019-02,unconfirmed_emergency,LFPG,True,False
TVF44PQ_20190221,TVF44PQ,TO3401,3964f9,F-GZHZ,B738,LPPR,LFPO,LFPO,,medical,planned,unknown,,,,,2019-02-21,2019,2,21,2019-02,medical_emergency,,False,False
SWA597_20190222,SWA597,WN597,abb624,N8539V,B738,KHOU,,KPHX,,,,,,,,,2019-02-22,2019,2,22,2019-02,unspecified,,False,False
SCR356_20190225,SCR356,JQ356,7c6273,VH-TQD,DH8C,NZNR,NZAA,NZAA,,unclear,planned,unknown,,,,,2019-02-25,2019,2,25,2019-02,unconfirmed_emergency,,False,False
RYR419Y_20190225,RYR419Y,FR4191,4ca34a,EI-FIA,B738,LIME,EDDF,EGSS,EDDF,unclear,diverted,unknown,,,,,2019-02-25,2019,2,25,2019-02,unconfirmed_emergency,EDDF,True,False
RFR7230_20190226,RFR7230,,43c8d8,ZM337,E50P,,EGNX,,,unclear,unclear,unknown,,,,,2019-02-26,2019,2,26,2019-02,unconfirmed_emergency,,False,False
UAL1712_20190226,UAL1712,UA1712,aa7abd,N77430,B739,KDEN,KSMF,KSMF,,,,,,,,,2019-02-26,2019,2,26,2019-02,unspecified,,False,False
ASA1100_20190226,ASA1100,AS1100,ab7ba5,N839VA,A320,KSFO,KBNA,KBNA,,,,,,,,,2019-02-26,2019,2,26,2019-02,unspecified,,False,False
SKW4167_20190228,SKW4167,DL4167,a26bb8,N255SY,E75L,KSLC,KBUR,KBUR,,,,,,,,,2019-02-28,2019,2,28,2019-02,unspecified,,False,False
QTR726_20190301,QTR726,QR726,06a2af,A7-BEK,B77W,KORD,LFPG,OTHH,LFPG,medical,diverted,unknown,,,,,2019-03-01,2019,3,1,2019-03,medical_emergency,LFPG,True,False
EZY85YK_20190301,EZY85YK,U26931,406a95,G-EZWU,A320,EGPH,EGPH,EDDH,EGPH,unclear,return,unknown,,,,,2019-03-01,2019,3,1,2019-03,unconfirmed_emergency,EGPH,True,False
NKS643_20190301,NKS643,NK643,ac7b87,N903NK,A20N,KDTW,KTPA,KTPA,,,,,,,,,2019-03-01,2019,3,1,2019-03,unspecified,,False,False
AME4566_20190304,AME4566,,35350b,T.18-5,F900,,LFBO,,,unclear,unclear,unknown,,,,,2019-03-04,2019,3,4,2019-03,unconfirmed_emergency,,False,False
ENY3451_20190304,ENY3451,AA3451,a29680,N266NN,E75L,KDFW,,MMMY,,,,,,,,,2019-03-04,2019,3,4,2019-03,unspecified,,False,False
RYR6827_20190305,RYR6827,FR6827,4ca9d3,EI-EVK,B738,LPFR,EGPH,EGPH,,unclear,planned,unknown,,,,,2019-03-05,2019,3,5,2019-03,unconfirmed_emergency,,False,False
TAM3852_20190306,TAM3852,LA3852,e48053,PR-MHK,A320,SBGL,SBFZ,SBFZ,,,,,,,,,2019-03-06,2019,3,6,2019-03,unspecified,,False,False
AFR361V_20190306,AFR361V,AF361V,3991e8,F-HEPI,A320,LFBO,LFPG,LFPG,,unclear,unclear,unknown,,,,,2019-03-06,2019,3,6,2019-03,unconfirmed_emergency,,False,False
FDX1601_20190307,FDX1601,FX1601,a10fe8,N168FE,B763,KDFW,KIND,KIND,,,,,,,,,2019-03-07,2019,3,7,2019-03,unspecified,,False,False
EZY96LA_20190307,EZY96LA,U2464,406669,G-EZUO,A320,EGPF,EGPF,EGAA,EGPF,technical,return,hold_to_reduce,4c51a57b,hydraulics,return,unknown,2019-03-07,2019,3,7,2019-03,gear_hydraulics,EGPF,True,True
SWA2263_20190308,SWA2263,WN2263,aa5d2e,N767SW,B737,KSTL,KBOS,KLGA,KBOS,,,,,,,,2019-03-08,2019,3,8,2019-03,unspecified,KBOS,True,False
AFR848_20190309,AFR848,AF848,3965a6,F-GZNG,B77W,LFPO,LFRU,TFFF,LFRB,medical,diverted,unknown,,,,,2019-03-09,2019,3,9,2019-03,medical_emergency,LFRB,True,False
UAL36_20190310,UAL36,UA36,a16ee0,N19141,B752,KEWR,EGPH,EGPH,,unclear,unclear,unknown,,,,,2019-03-10,2019,3,10,2019-03,unconfirmed_emergency,,False,False
ASQ3996_20190310,ASQ3996,UA3996,a03331,N11164,E45X,KBHM,KORD,KORD,,,,,,,,,2019-03-10,2019,3,10,2019-03,unspecified,,False,False
BGA114D_20190311,BGA114D,,394a63,F-GSTD,A3ST,LFBO,LFBO,EGNR,LFBO,unclear,return,hold_to_reduce,,,,,2019-03-11,2019,3,11,2019-03,unconfirmed_emergency,LFBO,True,True
ACA302_20190311,ACA302,AC302,c05840,C-GHKX,A333,CYVR,,CYUL,,,,,,,,,2019-03-11,2019,3,11,2019-03,unspecified,,False,False
FDX458_20190312,FDX458,FX458,a03423,N112FE,B763,KMCO,,KMEM,,,,,,,,,2019-03-12,2019,3,12,2019-03,unspecified,,False,False
ASP519_20190312,ASP519,,c001e4,C-FASP,C25A,,,,,,,,,,,,2019-03-12,2019,3,12,2019-03,unspecified,,False,False
BAW486_20190314,BAW486,BA486,405455,G-EUUU,A320,EGLL,LEBL,LEBL,,unclear,unclear,unknown,,,,,2019-03-14,2019,3,14,2019-03,unconfirmed_emergency,,False,False
CRL924_20190315,CRL924,SS924,394e88,F-GTUI,B744,LFPO,LFPO,TFFF,LFPO,unclear,return,unknown,,,,,2019-03-15,2019,3,15,2019-03,unconfirmed_emergency,LFPO,True,False
AAY433_20190315,AAY433,G4433,a1e241,N220NV,A320,KLAS,,KTYS,,,,,,,,,2019-03-15,2019,3,15,2019-03,unspecified,,False,False
BAW2597_20190317,BAW2597,BA2597,400b83,G-DBCE,A319,LIPX,EGKK,EGKK,,unclear,planned,unknown,,,,,2019-03-17,2019,3,17,2019-03,unconfirmed_emergency,,False,False
GAC903L_20190317,GAC903L,,44058f,OE-FZA,C510,,LFML,,,unclear,unclear,unknown,,,,,2019-03-17,2019,3,17,2019-03,unconfirmed_emergency,,False,False
AAL163_20190317,AAL163,AA163,acd5ad,N926NN,B738,KLAX,KDCA,KDCA,,,,,,,,,2019-03-17,2019,3,17,2019-03,unspecified,,False,False
RYR75XJ_20190319,RYR75XJ,FR8121,4ca64e,EI-DYL,B738,EGGD,EGGD,LEMG,EGGD,medical,return,unknown,,,,,2019-03-19,2019,3,19,2019-03,medical_emergency,EGGD,True,False
RPA4621_20190319,RPA4621,AA4621,a4c170,N405YX,E75S,KPHL,KPHL,KSTL,KPHL,cabin_pressure,return,unknown,,,,,2019-03-19,2019,3,19,2019-03,depressurization_cabin,KPHL,True,False
AWI4827_20190319,AWI4827,UA4827,a4f5a4,N419AW,CRJ2,KALB,KORD,KORD,,,,,,,,,2019-03-19,2019,3,19,2019-03,unspecified,,False,False
EZY4306_20190325,EZY4306,U24306,4401c3,OE-IJJ,A320,LFLL,LFBD,LFBD,,unclear,unclear,unknown,,,,,2019-03-25,2019,3,25,2019-03,unconfirmed_emergency,,False,False
ASQ4001_20190327,ASQ4001,UA4001,a0c7ce,N14993,E145,KCLE,KAVP,KLGA,KAVP,,,,,,,,2019-03-27,2019,3,27,2019-03,unspecified,KAVP,True,False
ACA871_20190327,ACA871,AC871,c023bb,C-FNNU,B77W,LFPG,CYUL,CYUL,,,,,,,,,2019-03-27,2019,3,27,2019-03,unspecified,,False,False
SWA206_20190327,SWA206,WN206,abb19c,N8523W,B738,KBNA,KDEN,KDEN,,,,,,,,,2019-03-27,2019,3,27,2019-03,unspecified,,False,False
SWA2184_20190327,SWA2184,WN2184,a22839,N238WN,B737,KTPA,,KDEN,,,,,,,,,2019-03-27,2019,3,27,2019-03,unspecified,,False,False
AZA352_20190329,AZA352,AZ352,4ca9de,EI-RDC,E75S,LIML,,LFPO,,unclear,unclear,unknown,,,,,2019-03-29,2019,3,29,2019-03,unconfirmed_emergency,,False,False
EXS918_20190329,EXS918,LS918,406735,G-LSAN,B752,GCTS,EGCC,EGCC,,unclear,planned,unknown,,,,,2019-03-29,2019,3,29,2019-03,unconfirmed_emergency,,False,False
VIR76X_20190330,VIR76X,VS76,400678,G-VAST,B744,KMCO,EGCC,EGCC,,unclear,planned,unknown,,,,,2019-03-30,2019,3,30,2019-03,unconfirmed_emergency,,False,False
EWG14V_20190330,EWG14V,EW7533,3c56f3,D-AEWS,A320,GCTS,EDDH,EDDH,LFPG,unclear,diverted,unknown,,,,,2019-03-30,2019,3,30,2019-03,unconfirmed_emergency,LFPG,True,False
DAL7_20190330,DAL7,DL7,ab398a,N822NW,A333,KLAX,,RJTT,,,,,,,,,2019-03-30,2019,3,30,2019-03,unspecified,,False,False
DAL880_20190330,DAL880,DL880,acd883,N927DN,MD90,KATL,KROC,KROC,,,,,,,,,2019-03-30,2019,3,30,2019-03,unspecified,,False,False
SXD3N_20190331,SXD3N,,3c0a43,D-ASXA,B738,,,,,unclear,unclear,unknown,,,,,2019-03-31,2019,3,31,2019-03,unconfirmed_emergency,,False,False
UAL2745_20190401,UAL2745,UA2745,a3c3e6,N34137,B752,EIDW,EIDW,KIAD,EIDW,operational_issue,return,unknown,,,,,2019-04-01,2019,4,1,2019-04,operational_issue,EIDW,True,False
SWA2252_20190402,SWA2252,WN2252,a737c7,N564WN,B737,KAUS,,KATL,,,,,,,,,2019-04-02,2019,4,2,2019-04,unspecified,,False,False
LXJ541_20190402,LXJ541,,a6dc36,N541FX,CL30,,,,,,,,,,,,2019-04-02,2019,4,2,2019-04,unspecified,,False,False
CSJ213_20190404,CSJ213,CSJ213,a0259c,N1086F,C208,KFSD,CYHM,CYHM,,,,,,,,,2019-04-04,2019,4,4,2019-04,unspecified,,False,False
DLH88E_20190404,DLH88E,LH1792,3c6483,D-AIDC,A321,EDDM,,LPPT,LFBO,unclear,diverted,unknown,,,,,2019-04-04,2019,4,4,2019-04,unconfirmed_emergency,LFBO,True,False
EWG592_20190405,EWG592,EW592,3c49b6,D-ABMV,B738,EDDK,EDDK,LEPA,EDDK,unclear,return,unknown,4c64e832,landing_gear,return,unknown,2019-04-05,2019,4,5,2019-04,gear_hydraulics,EDDK,True,False
PAT482_20190405,PAT482,,ae03fd,823132,BE20,,,,,,,,,,,,2019-04-05,2019,4,5,2019-04,unspecified,,False,False
SKW3885_20190406,SKW3885,DL3885,a26bb8,N255SY,E75L,KSLC,KLGB,KLGB,,,,,,,,,2019-04-06,2019,4,6,2019-04,unspecified,,False,False
BAW81V_20190407,BAW81V,BA194,40073f,G-BYGG,B744,KIAH,EGLL,EGLL,,unclear,unclear,unknown,,,,,2019-04-07,2019,4,7,2019-04,unconfirmed_emergency,,False,False
FLC66_20190408,FLC66,,a8b1df,N66,BE30,KJAN,KRYY,KRYY,,,,,,,,,2019-04-08,2019,4,8,2019-04,unspecified,,False,False
DLH506_20190408,DLH506,LH506,3c4b35,D-ABYU,B748,EDDF,EDDF,SBGR,EDDF,smoke_burn_smell_flames,return,fueldump,4c677b39,smoke_burn_smell_flames,return,unknown,2019-04-08,2019,4,8,2019-04,smoke_fire_fumes,EDDF,True,True
DLH404_20190408,DLH404,LH404,3c4b31,D-ABYQ,B748,EDDF,KJFK,KJFK,,,,,,,,,2019-04-08,2019,4,8,2019-04,unspecified,,False,False
SKW3882_20190410,SKW3882,DL3882,ab24f7,N817SK,CRJ9,KATL,,KTLH,,,,,,,,,2019-04-10,2019,4,10,2019-04,unspecified,,False,False
DAL2031_20190410,DAL2031,DL2031,acdc3a,N928DN,MD90,KATL,KMKE,KMKE,,,,,,,,,2019-04-10,2019,4,10,2019-04,unspecified,,False,False
BAW265N_20190411,BAW265N,BA2652,400d5a,G-DBCG,A319,EGKK,EBBR,LOWS,EBBR,smoke_burn_smell_flames,diverted,unknown,,,,,2019-04-11,2019,4,11,2019-04,smoke_fire_fumes,EBBR,True,False
LOF4667_20190413,LOF4667,UA4667,a11fe7,N17146,E45X,KORD,KSDF,KSDF,,,,,,,,,2019-04-13,2019,4,13,2019-04,unspecified,,False,False
FIN6EN_20190413,FIN6EN,AY1361,461f36,OH-LVI,A319,EFHK,ESSA,EGCC,EFHK,cabin_pressure,diverted,unknown,4c6a625f,cabin_pressure,diverted,unknown,2019-04-13,2019,4,13,2019-04,depressurization_cabin,EFHK,True,False
DAL1644_20190414,DAL1644,DL1644,abd2e6,N861DN,B739,KSLC,KLAS,KLAS,,,,,,,,,2019-04-14,2019,4,14,2019-04,unspecified,,False,False
AMX026_20190415,AMX026,AM26,0d0a9b,XA-ADH,B789,EHAM,EHAM,MMMX,EHAM,technical,return,hold_to_reduce,4c6d2f8c,instrument,return,unknown,2019-04-15,2019,4,15,2019-04,instruments_avionics,EHAM,True,True
AAL1630_20190415,AAL1630,AA1630,a00df9,N102UW,A320,KATL,,KDFW,,,,,,,,,2019-04-15,2019,4,15,2019-04,unspecified,,False,False
FFT1072_20190417,FFT1072,F91072,a3965c,N330FR,A20N,KMCO,,KDTW,,,,,,,,,2019-04-17,2019,4,17,2019-04,unspecified,,False,False
UAL1028_20190418,UAL1028,UA1028,ac5d61,N896UA,A319,KIAH,MMMX,MMMX,,,,,,,,,2019-04-18,2019,4,18,2019-04,unspecified,,False,False
UAE9964_20190419,UAE9964,EK9964,89616f,A6-EFI,B77L,KORD,,EBBR,,,,,,,,,2019-04-19,2019,4,19,2019-04,unspecified,,False,False
BAW102_20190419,BAW102,BA102,406890,G-ZBJC,B788,CYYC,EGLL,EGLL,,medical,planned,unknown,,,,,2019-04-19,2019,4,19,2019-04,medical_emergency,,False,False
TAM3312_20190419,TAM3312,LA3312,e491b0,PT-XPF,A321,SBGR,SBFZ,SBFZ,,,,,,,,,2019-04-19,2019,4,19,2019-04,unspecified,,False,False
NDU575_20190419,NDU575,,a7622c,N575ND,C172,KIWA,KIWA,KIWA,,,,,,,,,2019-04-19,2019,4,19,2019-04,unspecified,,False,False
TAM3167_20190420,TAM3167,LA3167,e49206,PT-XPJ,A321,SBSG,,SBGR,,,,,,,,,2019-04-20,2019,4,20,2019-04,unspecified,,False,False
BAW17V_20190421,BAW17V,BA218,40054d,G-CIVA,B744,KDEN,EGLL,EGLL,,medical,planned,unknown,,,,,2019-04-21,2019,4,21,2019-04,medical_emergency,,False,False
AAL90_20190421,AAL90,AA90,aaf0c6,N804AN,B788,KORD,,EGLL,,,,,,,,,2019-04-21,2019,4,21,2019-04,unspecified,,False,False
SWA5401_20190421,SWA5401,WN5401,a196c8,N201LV,B737,KPHX,KSMF,KSMF,,,,,,,,,2019-04-21,2019,4,21,2019-04,unspecified,,False,False
SWA2593_20190421,SWA2593,WN2593,ad21bc,N945WN,B737,,KBWI,,,,,,,,,,2019-04-21,2019,4,21,2019-04,unspecified,,False,False
AFR459_20190423,AFR459,AF459,3949ef,F-GSPP,B772,SBGR,,LFPG,,,,,,,,,2019-04-23,2019,4,23,2019-04,unspecified,,False,False
ENY3351_20190423,ENY3351,MQ3351,a8d2a8,N668HH,E145,KORD,KATW,KATW,,,,,,,,,2019-04-23,2019,4,23,2019-04,unspecified,,False,False
OAE351_20190423,OAE351,OY351,a45199,N378AX,B763,,KBFI,,,,,,,,,,2019-04-23,2019,4,23,2019-04,unspecified,,False,False
TUI6AG_20190424,TUI6AG,X32258,3c0ca7,D-ATUO,B738,EDDF,LFPG,GCLP,LFPG,technical,diverted,unknown,4c72676b,smoke_burn_smell_flames,diverted,unknown,2019-04-24,2019,4,24,2019-04,smoke_fire_fumes,LFPG,True,False
EZY95JK_20190424,EZY95JK,U27157,40690d,G-EZWL,A320,EGGP,EGCC,GCRR,EGCC,hydraulics,diverted,unknown,,,,,2019-04-24,2019,4,24,2019-04,gear_hydraulics,EGCC,True,False
FDX5190_20190426,FDX5190,FX5190,ad0799,N939FD,B752,LFPG,EHAM,ESSA,EHAM,unclear,planned,unknown,4c731267,cabin_pressure,diverted,unknown,2019-04-26,2019,4,26,2019-04,depressurization_cabin,EHAM,True,False
AFL2101_20190426,AFL2101,SU2101,155bd1,RA-89041,SU95,EVRA,EVRA,UUEE,EVRA,unclear,return,unknown,4c7307be,cabin_pressure,return,unknown,2019-04-26,2019,4,26,2019-04,depressurization_cabin,EVRA,True,False
AFL1186_20190427,AFL1186,SU1186,155c0c,RA-89100,SU95,UUEE,UUEE,URWW,UUEE,unclear,return,unknown,,,,,2019-04-27,2019,4,27,2019-04,unconfirmed_emergency,UUEE,True,False
EZY31AB_20190427,EZY31AB,U26430,400c41,G-EZNM,A319,LEPA,EGCC,EGNT,EGCC,medical,diverted,unknown,,,,,2019-04-27,2019,4,27,2019-04,medical_emergency,EGCC,True,False
DAL490_20190427,DAL490,DL490,ac8983,N907DL,MD88,KATL,,KRSW,,,,,,,,,2019-04-27,2019,4,27,2019-04,unspecified,,False,False
RYR95BZ_20190428,RYR95BZ,FR7411,4ca376,EI-FIE,B738,LPFR,LFPG,EHEH,LFOB,engine,diverted,unknown,4c747022,engine,diverted,unknown,2019-04-28,2019,4,28,2019-04,engine_problem,LFOB,True,False
KZR859_20190428,KZR859,KC859,484355,P4-NAS,A321,UAAA,UAAA,UATE,UAAA,unclear,return,unknown,,,,,2019-04-28,2019,4,28,2019-04,unconfirmed_emergency,UAAA,True,False
TOM5CY_20190428,TOM5CY,BY7729,4067f1,G-TAWN,B738,GCTS,EGNX,EGNX,,fuel_leak,planned,unknown,,,,,2019-04-28,2019,4,28,2019-04,fuel_issue,,False,False
UAL929_20190429,UAL929,UA929,a8a87e,N657UA,B763,EGLL,EGLL,KORD,EGLL,smoke_burn_smell_flames,return,unknown,4cdda378,smoke_burn_smell_flames,return,unknown,2019-04-29,2019,4,29,2019-04,smoke_fire_fumes,EGLL,True,False
CKS405_20190429,CKS405,K4405,aa50a0,N764CK,B763,KCVG,KSFO,,,,,,,,,,2019-04-29,2019,4,29,2019-04,unspecified,,False,False
AWI3786_20190429,AWI3786,UA3786,a4bf49,N405AW,CRJ2,KORD,,KTVC,,,,,,,,,2019-04-29,2019,4,29,2019-04,unspecified,,False,False
UAL895_20190429,UAL895,UA895,aa92fa,N78003,B772,KORD,,VHHH,,,,,,,,,2019-04-29,2019,4,29,2019-04,unspecified,,False,False
AMX647_20190429,AMX647,AM647,0d0710,XA-AMJ,B738,KLAX,,MMMX,,,,,,,,,2019-04-29,2019,4,29,2019-04,unspecified,,False,False
UAL835_20190502,UAL835,UA835,aad3c9,N797UA,B772,KORD,,ZSPD,,,,,,,,,2019-05-02,2019,5,2,2019-05,unspecified,,False,False
UAL851_20190502,UAL851,UA851,aa92ff,N78008,B772,KORD,,ZBAA,,,,,,,,,2019-05-02,2019,5,2,2019-05,unspecified,,False,False
MJF319_20190503,MJF319,,44071e,OE-LJG,A319,,EBBR,,,unclear,unclear,unknown,,,,,2019-05-03,2019,5,3,2019-05,unconfirmed_emergency,,False,False
JAF5CP_20190503,JAF5CP,TB7502,505cf8,OM-GEX,B738,LFPO,,GMMN,,,,,,,,,2019-05-03,2019,5,3,2019-05,unspecified,,False,False
SKW3504_20190504,SKW3504,DL3504,a8fd5a,N679CA,CRJ9,KATL,KGRB,KGRB,,,,,,,,,2019-05-04,2019,5,4,2019-05,unspecified,,False,False
UAL1910_20190505,UAL1910,UA1910,a8d4ef,N66841,B739,KIAD,KIAD,KLAS,KIAD,cracked_windshield,return,unknown,,,,,2019-05-05,2019,5,5,2019-05,cracked_windshield,KIAD,True,False
SWA1883_20190507,SWA1883,WN1883,aa7aa6,N7743B,B737,KSEA,KSMF,KSMF,,,,,,,,,2019-05-07,2019,5,7,2019-05,unspecified,,False,False
RYR7K_20190507,RYR7K,FR6695,4ca73b,EI-EBS,B738,EGPH,EHEH,LMML,EHEH,medical,diverted,unknown,,,,,2019-05-07,2019,5,7,2019-05,medical_emergency,EHEH,True,False
EJM2105_20190507,EJM2105,,a2ce9c,N280GL,G280,,KRDU,,,,,,,,,,2019-05-07,2019,5,7,2019-05,unspecified,,False,False
NKS317_20190509,NKS317,NK317,a80dac,N618NK,A320,KIND,KSFB,KMCO,KSFB,,,,,,,,2019-05-09,2019,5,9,2019-05,unspecified,KSFB,True,False
TUI6YX_20190509,TUI6YX,X32143,3c0ca0,D-ATUH,B738,GCTS,LFPG,EDDF,LFPG,unclear,diverted,unknown,,,,,2019-05-09,2019,5,9,2019-05,unconfirmed_emergency,LFPG,True,False
BMS9AU_20190512,BMS9AU,0B123,4a09a4,YR-BMD,B738,LROP,LKPR,EBBR,LKPR,medical,diverted,unknown,,,,,2019-05-12,2019,5,12,2019-05,medical_emergency,LKPR,True,False
JBU120_20190512,JBU120,B6120,a707a3,N552JB,A320,KMCO,KALB,KALB,,,,,,,,,2019-05-12,2019,5,12,2019-05,unspecified,,False,False
BAW89P_20190514,BAW89P,BA278,406f7a,G-ZBKN,B789,KSJC,,EGLL,,,,,,,,,2019-05-14,2019,5,14,2019-05,unspecified,,False,False
EXS57JW_20190517,EXS57JW,LS755,406c80,G-JZHB,B738,EGCC,LFBD,GCTS,LFBD,unclear,diverted,unknown,,,,,2019-05-17,2019,5,17,2019-05,unconfirmed_emergency,LFBD,True,False
TOM1EA_20190517,TOM1EA,BY7558,405e23,G-FDZR,B738,EGNX,EGKK,LGKR,EGKK,medical,diverted,unknown,,,,,2019-05-17,2019,5,17,2019-05,medical_emergency,EGKK,True,False
QTR835_20190517,QTR835,QR835,06a0f5,A7-ALA,A359,VTBS,OTHH,OTHH,,unclear,planned,unknown,,,,,2019-05-17,2019,5,17,2019-05,unconfirmed_emergency,,False,False
FFT487_20190519,FFT487,F9487,a98b76,N714FR,A321,KRSW,KDEN,KDEN,,,,,,,,,2019-05-19,2019,5,19,2019-05,unspecified,,False,False
EJU46DH_20190519,EJU46DH,U24216,4402ae,OE-IVZ,A320,LIRP,LFPO,LFPO,,unclear,planned,unknown,,,,,2019-05-19,2019,5,19,2019-05,unconfirmed_emergency,,False,False
SVA2126_20190520,SVA2126,SV2126,4bbc6d,TC-OCM,A332,OEJN,,DABC,,,,,,,,,2019-05-20,2019,5,20,2019-05,unspecified,,False,False
SKW3960_20190520,SKW3960,DL3960,a56643,N447SW,CRJ2,KDTW,,KCHA,,,,,,,,,2019-05-20,2019,5,20,2019-05,unspecified,,False,False
AAL1188_20190520,AAL1188,AA1188,ad4747,N955AN,B738,MGGT,KDFW,KDFW,,,,,,,,,2019-05-20,2019,5,20,2019-05,unspecified,,False,False
ASQ4217_20190520,ASQ4217,EV4217,a05aaf,N12163,E45X,KBRO,KIAH,KIAH,,,,,,,,,2019-05-20,2019,5,20,2019-05,unspecified,,False,False
DAL1151_20190521,DAL1151,DL1151,acffbc,N937AT,B712,KATL,KATW,KATW,,,,,,,,,2019-05-21,2019,5,21,2019-05,unspecified,,False,False
DAL2785_20190524,DAL2785,DL2785,abd2e6,N861DN,B739,KDTW,KLAX,KLAX,,unclear,unclear,unknown,,,,,2019-05-24,2019,5,24,2019-05,unconfirmed_emergency,,False,False
GLO1746_20190525,GLO1746,G31746,e4814b,PR-VBG,B738,SBBR,,SBRF,,,,,,,,,2019-05-25,2019,5,25,2019-05,unspecified,,False,False
TCX7AV_20190525,TCX7AV,MT231,406add,G-TCDD,A321,LTBS,EGCC,EGCC,,unclear,planned,unknown,,,,,2019-05-25,2019,5,25,2019-05,unconfirmed_emergency,,False,False
TVF39AU_20190526,TVF39AU,TO4678,3964f9,F-GZHZ,B738,LFRS,LFRS,LIRF,LFRS,unclear,return,unknown,4c87af60,fuel_leak,return,unknown,2019-05-26,2019,5,26,2019-05,fuel_issue,LFRS,True,False
AIJ2971_20190526,AIJ2971,4O2971,0d09f3,XA-CBA,A320,KLAX,,MMMX,,,,,,,,,2019-05-26,2019,5,26,2019-05,unspecified,,False,False
THY35DK_20190527,THY35DK,TK1552,4baa68,TC-JSH,A321,EDDV,EDDV,LTFM,EDDV,medical,diverted,unknown,,,,,2019-05-27,2019,5,27,2019-05,medical_emergency,EDDV,True,False
AAL110_20190528,AAL110,AA110,aaf0c6,N804AN,B788,KORD,,KLGA,,,,,,,,,2019-05-28,2019,5,28,2019-05,unspecified,,False,False
EZY15UF_20190529,EZY15UF,U26957,400c4f,G-EZIM,A319,EGPH,LFPG,LFPG,,unclear,unclear,unknown,,,,,2019-05-29,2019,5,29,2019-05,unconfirmed_emergency,,False,False
UAL125_20190531,UAL125,UA125,a9067b,N68061,B764,LGAV,EDDF,KEWR,EDDF,unclear,diverted,unknown,,,,,2019-05-31,2019,5,31,2019-05,unconfirmed_emergency,EDDF,True,False
RAG100_20190531,RAG100,,c00d40,C-FFAL,B732,CYUY,,CTP9,CYUL,,,,,,,,2019-05-31,2019,5,31,2019-05,unspecified,CYUL,True,False
SWA4577_20190601,SWA4577,WN4577,a99b6a,N718SW,B737,KMDW,KBOS,KBOS,,,,,,,,,2019-06-01,2019,6,1,2019-06,unspecified,,False,False
AFR15SE_20190602,AFR15SE,AF1204,394c13,F-GTAT,A321,LFPG,LFLL,LIRF,LFLL,engine,diverted,unknown,4c8b79e7,engine,diverted,unknown,2019-06-02,2019,6,2,2019-06,engine_problem,LFLL,True,False
AFR28AT_20190602,AFR28AT,AF1046,3991e1,F-HEPB,A320,LFPG,EDDF,EPWA,EDDF,unclear,diverted,unknown,,,,,2019-06-02,2019,6,2,2019-06,unconfirmed_emergency,EDDF,True,False
AFR72UF_20190602,AFR72UF,AF7453,3950c3,F-GUGD,A318,LFBP,,LFPO,,unclear,planned,unknown,,,,,2019-06-02,2019,6,2,2019-06,unconfirmed_emergency,,False,False
TOM2AM_20190603,TOM2AM,BY5118,4005a4,G-BYAW,B752,EGGW,EGGD,GCLP,EGGD,medical,diverted,unknown,,,,,2019-06-03,2019,6,3,2019-06,medical_emergency,EGGD,True,False
BTI1F5_20190603,BTI1F5,BT105,502c7b,YL-BAJ,DH8D,EVRA,EVRA,ESSA,EVRA,unclear,unclear,unknown,4c8c1e8b,cabin_pressure,return,unknown,2019-06-03,2019,6,3,2019-06,depressurization_cabin,EVRA,True,False
IBS36SA_20190604,IBS36SA,,34368e,EC-LEA,A320,EDDT,LFPG,LFPG,,,,,,,,,2019-06-04,2019,6,4,2019-06,unspecified,,False,False
RPA6030_20190604,RPA6030,DL6030,abf7e2,N870RW,E170,KIND,KIND,KLGA,KIND,unclear,return,unknown,,,,,2019-06-04,2019,6,4,2019-06,unconfirmed_emergency,KIND,True,False
BEE3JM_20190605,BEE3JM,BE263,406f9a,G-PRPE,DH8D,EGPH,EGCC,EGNX,EGCC,medical,diverted,unknown,,,,,2019-06-05,2019,6,5,2019-06,medical_emergency,EGCC,True,False
RYR160H_20190606,RYR160H,FR4079,4ca5e8,EI-FOC,B738,LEAL,,EGNT,LFBD,medical,return,unknown,,,,,2019-06-06,2019,6,6,2019-06,medical_emergency,LFBD,True,False
DAL1894_20190607,DAL1894,DL1894,acc5fb,N922DZ,B739,KSFO,KCVG,KCVG,,unclear,planned,unknown,,,,,2019-06-07,2019,6,7,2019-06,unconfirmed_emergency,,False,False
AMC106_20190608,AMC106,KM106,4d2027,9H-AEQ,A320,LMML,LFPO,EGLL,LFPO,medical,diverted,unknown,,,,,2019-06-08,2019,6,8,2019-06,medical_emergency,LFPO,True,False
AAL2270_20190608,AAL2270,AA2270,a0e7f4,N158AN,A321,KDFW,KTPA,KTPA,,,,,,,,,2019-06-08,2019,6,8,2019-06,unspecified,,False,False
BAW9CG_20190609,BAW9CG,BA289,40040d,G-BNLN,B744,EGLL,,KPHX,,unclear,unclear,unknown,4d6a301b,misc,planned,unknown,2019-06-09,2019,6,9,2019-06,unconfirmed_emergency,,False,False
JIA5654_20190610,JIA5654,AA5654,a73e6d,N566NN,CRJ9,KCLT,,KMSY,,,,,,,,,2019-06-10,2019,6,10,2019-06,unspecified,,False,False
DAL2062_20190613,DAL2062,DL2062,a3d3f0,N346DN,A321,KMSP,KBOS,KBOS,,,,,,,,,2019-06-13,2019,6,13,2019-06,unspecified,,False,False
UAL90_20190613,UAL90,UA90,a2659a,N2534U,B77W,KEWR,,LLBG,,,,,,,,,2019-06-13,2019,6,13,2019-06,unspecified,,False,False
AAL97_20190613,AAL97,AA97,a482ca,N390AA,B763,LHBP,EDDF,KPHL,EDDF,fuel_leak,diverted,unknown,4c92a6b1,fuel_leak,diverted,unknown,2019-06-13,2019,6,13,2019-06,fuel_issue,EDDF,True,False
CES5595_20190614,CES5595,MU5595,78069c,B-6715,A320,ZUUU,,ZGSD,,,,,,,,,2019-06-14,2019,6,14,2019-06,unspecified,,False,False
BAW575_20190615,BAW575,BA575,40097f,G-EUUD,A320,LIML,,EGLL,,unclear,planned,unknown,,,,,2019-06-15,2019,6,15,2019-06,unconfirmed_emergency,,False,False
ROU1911_20190615,ROU1911,AC1911,c07465,C-GSCA,B763,LHBP,EGPF,CYYZ,EGPF,medical,diverted,unknown,,,,,2019-06-15,2019,6,15,2019-06,medical_emergency,EGPF,True,False
SWA4850_20190616,SWA4850,WN4850,aab129,N7884G,B737,KDAL,KPHX,KPHX,,,,,,,,,2019-06-16,2019,6,16,2019-06,unspecified,,False,False
AFL2613_20190616,AFL2613,SU2613,42433f,VP-BMI,B738,LIMC,,UUEE,,unclear,planned,unknown,,,,,2019-06-16,2019,6,16,2019-06,unconfirmed_emergency,,False,False
AAL578_20190617,AAL578,AA578,a6fb32,N549UW,A321,KPHX,KSEA,KSEA,,,,,,,,,2019-06-17,2019,6,17,2019-06,unspecified,,False,False
AAL691_20190617,AAL691,AA691,ad24ab,N946NN,B738,KPHX,KAUS,KAUS,,,,,,,,,2019-06-17,2019,6,17,2019-06,unspecified,,False,False
ENY3650_20190617,ENY3650,AA3650,acc954,N923AE,E145,KORD,KATW,KATW,,,,,,,,,2019-06-17,2019,6,17,2019-06,unspecified,,False,False
MSR767_20190617,MSR767,MS767,0100e0,SU-GCS,B738,HECA,LEBL,LEBL,,unclear,unclear,unknown,,,,,2019-06-17,2019,6,17,2019-06,unconfirmed_emergency,,False,False
JBU296_20190617,JBU296,B6296,a7456c,N568JB,A320,KPDX,,KBOS,,,,,,,,,2019-06-17,2019,6,17,2019-06,unspecified,,False,False
ASA736_20190617,ASA736,AS736,a2d1bc,N281AK,B739,KSEA,,KBOS,,,,,,,,,2019-06-17,2019,6,17,2019-06,unspecified,,False,False
KLM76U_20190618,KLM76U,KL608,48436b,PH-BQD,B772,KSFO,,EHAM,,,,,,,,,2019-06-18,2019,6,18,2019-06,unspecified,,False,False
AAL755_20190618,AAL755,AA755,a2e0a5,N285AY,A332,LFPG,LFPG,KPHL,LFPG,unclear,return,unknown,,,,,2019-06-18,2019,6,18,2019-06,unconfirmed_emergency,LFPG,True,False
EZY729X_20190618,EZY729X,U219,406d8e,G-EZOI,A320,EGGW,EGPH,EGPH,,unclear,planned,unknown,,,,,2019-06-18,2019,6,18,2019-06,unconfirmed_emergency,,False,False
ASA589_20190620,ASA589,AS589,a67b81,N517AS,B738,KBUR,KSEA,KSEA,,,,,,,,,2019-06-20,2019,6,20,2019-06,unspecified,,False,False
TOM3GL_20190620,TOM3GL,BY1454,406471,G-FDZT,B738,EGPH,EGPF,GCRR,EGPF,bird,diverted,unknown,4c97145e,bird,diverted,unknown,2019-06-20,2019,6,20,2019-06,bird_strike,EGPF,True,False
BEE1BA_20190620,BEE1BA,BE680,406f9a,G-PRPE,DH8D,EGAC,EGAC,EGPH,EGAC,unclear,return,unknown,4c97173e,engine,return,unknown,2019-06-20,2019,6,20,2019-06,engine_problem,EGAC,True,False
AIC503_20190620,AIC503,AI503,800be5,VT-CID,A20N,VOBL,VOHS,VIDP,VOHS,technical,diverted,unknown,,,,,2019-06-20,2019,6,20,2019-06,technical_systems,VOHS,True,False
PCM8697_20190620,PCM8697,PCM8697,a96f22,N707FX,C208,KSMF,KRDD,KRDD,,,,,,,,,2019-06-20,2019,6,20,2019-06,unspecified,,False,False
DAL411_20190621,DAL411,DL411,a1286c,N174DZ,B763,EHAM,EIDW,KMCO,EIDW,medical,diverted,unknown,,,,,2019-06-21,2019,6,21,2019-06,medical_emergency,EIDW,True,False
DAL2274_20190622,DAL2274,DL2274,abd2e6,N861DN,B739,KATL,KDEN,KDEN,,unclear,unclear,unknown,,,,,2019-06-22,2019,6,22,2019-06,unconfirmed_emergency,,False,False
BEE1FN_20190622,BEE1FN,BE881,5110dd,ES-ATA,AT76,EGPF,EGPF,EGHI,EGPF,technical,return,unknown,4c9866cc,misc,return,unknown,2019-06-22,2019,6,22,2019-06,technical_systems,EGPF,True,False
RRR6473_20190622,RRR6473,,43c171,ZZ171,C17,,EGVN,,,unclear,unclear,unknown,,,,,2019-06-22,2019,6,22,2019-06,unconfirmed_emergency,,False,False
UAL1652_20190623,UAL1652,UA1652,aaf9ea,N806UA,A319,KEWR,KATL,KATL,,,,,,,,,2019-06-23,2019,6,23,2019-06,unspecified,,False,False
NKS970_20190624,NKS970,NK970,a6464b,N503NK,A319,KDEN,KFLL,KFLL,,,,,,,,,2019-06-24,2019,6,24,2019-06,unspecified,,False,False
CAW419_20190624,CAW419,MN419,00c465,ZS-ZWU,B738,FAOR,,FACT,,,,,,,,,2019-06-24,2019,6,24,2019-06,unspecified,,False,False
PAL945_20190625,PAL945,,c0013b,C-FAMC,SW4,,CYWG,,,,,,,,,,2019-06-25,2019,6,25,2019-06,unspecified,,False,False
JZR306_20190626,JZR306,J9306,70620c,9K-CAK,A320,LTFJ,LTFJ,OKBK,LTFJ,cabin_pressure,return,unknown,,,,,2019-06-26,2019,6,26,2019-06,depressurization_cabin,LTFJ,True,False
BAW2276_20190627,BAW2276,BA2276,405bfc,G-YMMS,B772,KLAS,EGKK,EGKK,,unclear,unclear,unknown,,,,,2019-06-27,2019,6,27,2019-06,unconfirmed_emergency,,False,False
EZY49BT_20190627,EZY49BT,U26956,400e5a,G-EZAX,A319,LFPG,LFPG,EGPH,LFPG,engine,return,unknown,,,,,2019-06-27,2019,6,27,2019-06,engine_problem,LFPG,True,False
AFL2590_20190628,AFL2590,SU2590,400140,VP-BWD,A320,UUEE,EIDW,EIDW,,medical,planned,unknown,,,,,2019-06-28,2019,6,28,2019-06,medical_emergency,,False,False
VIR156G_20190629,VIR156G,VS156,406ecc,G-VFAN,B789,KLAS,EGLL,EGLL,,unclear,planned,unknown,,,,,2019-06-29,2019,6,29,2019-06,unconfirmed_emergency,,False,False
AFR72PE_20190630,AFR72PE,AF7733,3985a3,F-HBND,A320,LFRB,LFPG,LFPG,,unclear,unclear,unknown,,,,,2019-06-30,2019,6,30,2019-06,unconfirmed_emergency,,False,False
RFR7270_20190701,RFR7270,,43c8d8,ZM337,E50P,,EGNX,,,unclear,unclear,unknown,,,,,2019-07-01,2019,7,1,2019-07,unconfirmed_emergency,,False,False
BAW20R_20190702,BAW20R,BA294,4005e2,G-CIVI,B744,KORD,,EGLL,,unclear,unclear,unknown,,,,,2019-07-02,2019,7,2,2019-07,unconfirmed_emergency,,False,False
AAL743_20190702,AAL743,AA743,a2e0a5,N285AY,A332,LEBL,EGLL,KPHL,EGLL,unclear,diverted,unknown,,,,,2019-07-02,2019,7,2,2019-07,unconfirmed_emergency,EGLL,True,False
BAW119_20190703,BAW119,BA119,405bfe,G-YMMU,B772,EGLL,EGLL,VOBL,EGLL,technical,return,fueldump,4c9f1208,smoke_burn_smell_flames,return,fueldump,2019-07-03,2019,7,3,2019-07,smoke_fire_fumes,EGLL,True,True
FFT1835_20190703,FFT1835,F91835,a3904c,N329FR,A20N,KDTW,KAUS,KAUS,,,,,,,,,2019-07-03,2019,7,3,2019-07,unspecified,,False,False
UAL57_20190704,UAL57,UA57,a05629,N12006,B78X,KEWR,LFPG,LFPG,,unclear,planned,unknown,,,,,2019-07-04,2019,7,4,2019-07,unconfirmed_emergency,,False,False
TOM517_20190705,TOM517,BY517,406cdd,G-POWM,A320,GMMX,LFBD,EGKK,LFBD,unclear,diverted,unknown,4ca10ad5,engine,diverted,unknown,2019-07-05,2019,7,5,2019-07,engine_problem,LFBD,True,False
EXS634_20190705,EXS634,LS634,40717c,G-JZBH,B738,GCTS,LPPT,EGNX,LPPT,medical,diverted,unknown,,,,,2019-07-05,2019,7,5,2019-07,medical_emergency,LPPT,True,False
BEL3RW_20190706,BEL3RW,SN3667,44ce73,OO-SSS,A319,EBBR,,LFBO,,unclear,unclear,unknown,,,,,2019-07-06,2019,7,6,2019-07,unconfirmed_emergency,,False,False
SKW5295_20190706,SKW5295,UA5295,a0af7c,N143SY,E75L,KBHM,KDEN,KDEN,,,,,,,,,2019-07-06,2019,7,6,2019-07,unspecified,,False,False
JIA5116_20190708,JIA5116,OH5116,a653f6,N507AE,CRJ7,KSTL,KDCA,KDCA,,,,,,,,,2019-07-08,2019,7,8,2019-07,unspecified,,False,False
GJS4512_20190708,GJS4512,UA4512,a124f1,N173GJ,CRJ7,KDEN,KDEN,KRDM,KDEN,unclear,return,unknown,,,,,2019-07-08,2019,7,8,2019-07,unconfirmed_emergency,KDEN,True,False
AAL1895_20190708,AAL1895,AA1895,a771af,N579UW,A321,KLAS,KCLT,KCLT,,,,,,,,,2019-07-08,2019,7,8,2019-07,unspecified,,False,False
AAY2404_20190709,AAY2404,G42404,a1e241,N220NV,A320,KPIE,KGRR,KGRR,,,,,,,,,2019-07-09,2019,7,9,2019-07,unspecified,,False,False
OXF45_20190709,OXF45,,406a99,G-OXFB,PA34,EGTK,EGGP,EGNR,EGNR,unclear,unclear,unknown,,,,,2019-07-09,2019,7,9,2019-07,unconfirmed_emergency,EGNR,True,False
QTR6UG_20190710,QTR6UG,QR629,06a0b5,A7-BCQ,B788,OPLA,OTHH,OTHH,,unclear,planned,unknown,,,,,2019-07-10,2019,7,10,2019-07,unconfirmed_emergency,,False,False
SKW5355_20190710,SKW5355,UA5355,aabd56,N791SK,CRJ7,KDAY,KIND,KDEN,KIND,unclear,diverted,unknown,4ca497e3,cabin_pressure,diverted,unknown,2019-07-10,2019,7,10,2019-07,depressurization_cabin,KIND,True,False
DAL906_20190710,DAL906,DL906,a8df4b,N6709,B752,MGGT,KATL,KATL,,,,,,,,,2019-07-10,2019,7,10,2019-07,unspecified,,False,False
FDX5279_20190712,FDX5279,FX5279,a86d2b,N642FE,MD11,VIDP,VABB,OMDB,VABB,unclear,unclear,unknown,,,,,2019-07-12,2019,7,12,2019-07,unconfirmed_emergency,VABB,True,False
ARG1403_20190713,ARG1403,AR1403,e06542,LV-FUB,B738,SAME,SAEZ,SABE,SAEZ,,,,,,,,2019-07-13,2019,7,13,2019-07,unspecified,SAEZ,True,False
AUA463_20190714,AUA463,OS463,440828,OE-LWL,E195,LOWW,EGCC,EGCC,,unclear,planned,unknown,4ca5e1cd,cabin_pressure,planned,unknown,2019-07-14,2019,7,14,2019-07,depressurization_cabin,,False,False
BAW17TH_20190714,BAW17TH,BA2593,4008e6,G-MIDS,A320,LICC,EGKK,EGKK,,smoke_burn_smell_flames,planned,unknown,,,,,2019-07-14,2019,7,14,2019-07,smoke_fire_fumes,,False,False
AFR55MZ_20190714,AFR55MZ,AF1158,4ca612,EI-RJF,RJ85,LFPG,,EGNT,,unclear,unclear,unknown,,,,,2019-07-14,2019,7,14,2019-07,unconfirmed_emergency,,False,False
ASR172B_20190715,ASR172B,,3924a4,F-GJFE,BE20,,LFBO,,,unclear,unclear,unknown,,,,,2019-07-15,2019,7,15,2019-07,unconfirmed_emergency,,False,False
THY4SN_20190715,THY4SN,TK7368,4bcc53,TC-SBS,B738,LTBR,LTAC,LTCG,LTAC,unclear,diverted,unknown,,,,,2019-07-15,2019,7,15,2019-07,unconfirmed_emergency,LTAC,True,False
SWA1165_20190715,SWA1165,WN1165,a97db2,N710SW,B737,KPHX,KAUS,KAUS,,,,,,,,,2019-07-15,2019,7,15,2019-07,unspecified,,False,False
BAW38P_20190719,BAW38P,BA288,40068f,G-CIVN,B744,KPHX,EGLL,EGLL,,medical,planned,unknown,,,,,2019-07-19,2019,7,19,2019-07,medical_emergency,,False,False
RPA4599_20190719,RPA4599,AA4599,a00929,N101HQ,E75S,KPHL,KPHL,KSAV,KPHL,cabin_pressure,return,unknown,4caa156c,cabin_pressure,return,unknown,2019-07-19,2019,7,19,2019-07,depressurization_cabin,KPHL,True,False
AVA218_20190720,AVA218,AV218,a9aec5,N723AV,A319,SAEZ,,SKBO,,,,,,,,,2019-07-20,2019,7,20,2019-07,unspecified,,False,False
TIE543H_20190720,TIE543H,,49d304,OK-RAH,BE40,,LFML,,,,,,,,,,2019-07-20,2019,7,20,2019-07,unspecified,,False,False
NCR320_20190720,NCR320,N8320,a7411e,N567CA,B752,MGMM,KBOS,KBOS,,,,,,,,,2019-07-20,2019,7,20,2019-07,unspecified,,False,False
GLO9186_20190722,GLO9186,G39186,e49266,PR-GYD,B738,SBFZ,,SBSP,,,,,,,,,2019-07-22,2019,7,22,2019-07,unspecified,,False,False
AFL2175_20190723,AFL2175,SU2175,42434f,VP-BFF,A321,ENGM,ENGM,UUEE,ENGM,unclear,return,unknown,4cab5bda,cabin_pressure,return,hold_to_reduce,2019-07-23,2019,7,23,2019-07,depressurization_cabin,ENGM,True,True
EJA579_20190723,EJA579,,a77147,N579QS,C56X,,KMGE,,,,,,,,,,2019-07-23,2019,7,23,2019-07,unspecified,,False,False
BTQ864_20190723,BTQ864,4B864,a9b053,N723ST,PC12,KBOS,CYOW,KMSS,CYOW,,,,,,,,2019-07-23,2019,7,23,2019-07,unspecified,CYOW,True,False
DLH469_20190724,DLH469,LH469,3c6571,D-AIKQ,A333,KAUS,,EDDF,,,,,,,,,2019-07-24,2019,7,24,2019-07,unspecified,,False,False
SWR348_20190725,SWR348,LX348,4b1804,HB-JCM,BCS3,LSGG,,EGLL,LFPG,engine,diverted,unknown,4cac778d,engine,diverted,unknown,2019-07-25,2019,7,25,2019-07,engine_problem,LFPG,True,False
DAL237_20190726,DAL237,DL237,a0f4f6,N16065,B763,LIRF,EGLL,KDTW,EGLL,medical,diverted,unknown,,,,,2019-07-26,2019,7,26,2019-07,medical_emergency,EGLL,True,False
ETH8801_20190727,ETH8801,ET8801,04000b,ET-ALH,B763,VNKT,VIDP,VIDP,,unclear,planned,unknown,,,,,2019-07-27,2019,7,27,2019-07,unconfirmed_emergency,,False,False
XOJ546_20190729,XOJ546,,a6f04c,N546XJ,CL30,,KCLL,,,,,,,,,,2019-07-29,2019,7,29,2019-07,unspecified,,False,False
VJC492_20190730,VJC492,VJ492,8880cd,VN-A690,A320,VVBM,VVVH,VVNB,VVVH,,,,,,,,2019-07-30,2019,7,30,2019-07,unspecified,VVVH,True,False
EZY51MJ_20190805,EZY51MJ,U28905,4073a1,G-UZHD,A20N,EGKK,LFBD,LXGB,LFBD,unclear,diverted,unknown,,,,,2019-08-05,2019,8,5,2019-08,unconfirmed_emergency,LFBD,True,False
SWA4321_20190806,SWA4321,WN4321,a1dcf2,N219WN,B737,KMDW,,KATL,,,,,,,,,2019-08-06,2019,8,6,2019-08,unspecified,,False,False
RYR77FJ_20190807,RYR77FJ,FR7544,4ca564,EI-DPY,B738,EGCC,,LEBL,LFBO,technical,diverted,hold_to_reduce,,,,,2019-08-07,2019,8,7,2019-08,technical_systems,LFBO,True,True
AAR762_20190807,AAR762,OZ762,71bf54,HL7754,A333,WIII,RKSI,RKSI,,,,,,,,,2019-08-07,2019,8,7,2019-08,unspecified,,False,False
JSX204_20190807,JSX204,XE204,a28b00,N263JX,E135,KLAS,KLAX,KOAK,KLAX,unclear,diverted,unknown,,,,,2019-08-07,2019,8,7,2019-08,unconfirmed_emergency,KLAX,True,False
ROU1685_20190808,ROU1685,AC1685,c0482a,C-GBIN,A319,CYUL,CYYJ,CYYJ,,,,,,,,,2019-08-08,2019,8,8,2019-08,unspecified,,False,False
FDX1429_20190808,FDX1429,FX1429,a7acc5,N594FE,MD11,KMEM,KSMF,KSMF,,,,,,,,,2019-08-08,2019,8,8,2019-08,unspecified,,False,False
ROU1901_20190809,ROU1901,AC1901,c020e4,C-FMLV,B763,LGAV,EIDW,CYYZ,EIDW,hydraulics,diverted,unknown,4cb86c3a,hydraulics,diverted,unknown,2019-08-09,2019,8,9,2019-08,gear_hydraulics,EIDW,True,False
SVR2803_20190809,SVR2803,U62803,424435,VQ-BCE,A321,UUDD,,UCFM,,,,,,,,,2019-08-09,2019,8,9,2019-08,unspecified,,False,False
EZY79MB_20190810,EZY79MB,U28374,406a91,G-EZWP,A320,LIBR,LFPG,EGKK,LFPG,unclear,diverted,unknown,,,,,2019-08-10,2019,8,10,2019-08,unconfirmed_emergency,LFPG,True,False
QTR920_20190811,QTR920,QR920,06a073,A7-BBC,B77L,OTHH,OTHH,NZAA,OTHH,engine,diverted,fueldump,4cb7362d,engine,return,fueldump,2019-08-11,2019,8,11,2019-08,engine_problem,OTHH,True,True
BGA113C_20190812,BGA113C,,394a62,F-GSTC,A3ST,LFBO,LFBO,,LFBO,unclear,return,unknown,,,,,2019-08-12,2019,8,12,2019-08,unconfirmed_emergency,LFBO,True,False
TUI93E_20190813,TUI93E,X32914,3c4961,D-ABKA,B738,EDDL,,LEIB,LFML,unclear,diverted,unknown,,,,,2019-08-13,2019,8,13,2019-08,unconfirmed_emergency,LFML,True,False
RAM718D_20190813,RAM718D,AT718,020027,CN-RNR,B737,GMMN,LFLL,LFLL,,unclear,unclear,unknown,,,,,2019-08-13,2019,8,13,2019-08,unconfirmed_emergency,,False,False
ACP2614_20190815,ACP2614,8V2614,505c4d,OM-ACB,B744,EBLG,EBLG,DGAA,EBLG,unclear,return,hold_to_reduce,,,,,2019-08-15,2019,8,15,2019-08,unconfirmed_emergency,EBLG,True,True
AFR11DN_20190816,AFR11DN,AF1000,394c19,F-GTAZ,A321,LFPG,,LEMD,LFBD,technical,return,unknown,4cba3de2,cabin_pressure,diverted,unknown,2019-08-16,2019,8,16,2019-08,depressurization_cabin,LFBD,True,False
AFR896_20190816,AFR896,AF896,396441,F-GZCB,A332,LFPG,LFPG,FCBB,LFPG,medical,return,unknown,,,,,2019-08-16,2019,8,16,2019-08,medical_emergency,LFPG,True,False
EIN28G_20190816,EIN28G,EI286,4ca555,EI-RJI,RJ85,EIDW,EIDW,EGLC,EIDW,unclear,return,unknown,,,,,2019-08-16,2019,8,16,2019-08,unconfirmed_emergency,EIDW,True,False
AFR702_20190816,AFR702,AF702,3949e0,F-GSPA,B772,LFPG,LFPG,DIAP,LFPG,unclear,return,unknown,,,,,2019-08-16,2019,8,16,2019-08,unconfirmed_emergency,LFPG,True,False
UAL1475_20190817,UAL1475,UA1475,ac0b61,N87507,B738,KORD,KMSN,PANC,KMSN,engine,diverted,unknown,,,,,2019-08-17,2019,8,17,2019-08,engine_problem,KMSN,True,False
JBU623_20190817,JBU623,B6623,ad9e73,N977JE,A321,KJFK,KCLE,KLAX,KCLE,smoke_burn_smell_flames,diverted,hold_to_reduce,4cbb8147,smoke_burn_smell_flames,diverted,hold_to_reduce,2019-08-17,2019,8,17,2019-08,smoke_fire_fumes,KCLE,True,True
VIR106F_20190819,VIR106F,VS106,406d4c,G-VCRU,B789,KSEA,,EGLL,,,,,,,,,2019-08-19,2019,8,19,2019-08,unspecified,,False,False
FRS51_20190820,FRS51,,896c24,954,PC21,,OMDW,,,,,,,,,,2019-08-20,2019,8,20,2019-08,unspecified,,False,False
AFR1145_20190820,AFR1145,AF1145,3944e1,F-GRHB,A319,UUEE,ELLX,LFPG,ELLX,unclear,diverted,unknown,4cbcbfb7,brakes,diverted,unknown,2019-08-20,2019,8,20,2019-08,unconfirmed_emergency,ELLX,True,False
DAL173_20190820,DAL173,DL173,ab20e7,N816NW,A333,LIMC,LFPG,KJFK,LFPG,unclear,diverted,fueldump,,,,,2019-08-20,2019,8,20,2019-08,unconfirmed_emergency,LFPG,True,True
DAL773_20190820,DAL773,DL773,a3f120,N353NB,A319,KBOI,,KSLC,,,,,,,,,2019-08-20,2019,8,20,2019-08,unspecified,,False,False
SKW4165_20190821,SKW4165,DL4165,aca5ff,N914EV,CRJ2,KTVC,KDTW,KDTW,,unclear,unclear,unknown,,,,,2019-08-21,2019,8,21,2019-08,unconfirmed_emergency,,False,False
DLX49_20190822,DLX49,,a60e77,N49HJ,HDJT,KVNY,KLAS,KSAC,KLAS,,,,,,,,2019-08-22,2019,8,22,2019-08,unspecified,KLAS,True,False
AAL542_20190822,AAL542,AA542,a8ce4f,N667AW,A320,KPHX,KSMF,KSMF,,,,,,,,,2019-08-22,2019,8,22,2019-08,unspecified,,False,False
DAL982_20190822,DAL982,DL982,ad3c27,N952AT,B712,KATL,KTLH,KTLH,,,,,,,,,2019-08-22,2019,8,22,2019-08,unspecified,,False,False
UAL1413_20190823,UAL1413,UA1413,a533bd,N434UA,A320,KSEA,,KDEN,,,,,,,,,2019-08-23,2019,8,23,2019-08,unspecified,,False,False
ASH6300_20190823,ASH6300,YV6300,ac52f2,N89308,E75L,KIAH,KRDU,MMGL,KRDU,,,,,,,,2019-08-23,2019,8,23,2019-08,unspecified,KRDU,True,False
ASH5875_20190824,ASH5875,AA5875,ac8d6a,N908FJ,CRJ9,KMLI,KMCI,KDFW,KMCI,unclear,diverted,unknown,,,,,2019-08-24,2019,8,24,2019-08,unconfirmed_emergency,KMCI,True,False
DAL2454_20190824,DAL2454,DL2454,a8e2d6,N67171,B752,KSNA,KATL,KATL,,,,,,,,,2019-08-24,2019,8,24,2019-08,unspecified,,False,False
HAL481_20190825,HAL481,HA481,a455ea,N379HA,A332,PHNL,NTAA,NTAA,,,,,,,,,2019-08-25,2019,8,25,2019-08,unspecified,,False,False
AAL199_20190825,AAL199,AA199,aa28f2,N754AN,B772,LIMC,EGLL,KJFK,EGLL,unclear,diverted,unknown,,,,,2019-08-25,2019,8,25,2019-08,unconfirmed_emergency,EGLL,True,False
DAL573_20190825,DAL573,DL573,a8df4b,N6709,B752,KLAX,,MMMX,,,,,,,,,2019-08-25,2019,8,25,2019-08,unspecified,,False,False
BAW89P_20190826,BAW89P,BA278,406d79,G-ZBKC,B789,KSJC,EGLL,EGLL,,unclear,unclear,unknown,,,,,2019-08-26,2019,8,26,2019-08,unconfirmed_emergency,,False,False
AAL2318_20190826,AAL2318,AA2318,ac81d2,N905AU,A321,KDFW,KLAX,KLAX,,,,,,,,,2019-08-26,2019,8,26,2019-08,unspecified,,False,False
DAL2590_20190828,DAL2590,DL2590,ab43c6,N825DN,B739,KATL,KDEN,KDEN,,,,,,,,,2019-08-28,2019,8,28,2019-08,unspecified,,False,False
BCS63A_20190829,BCS63A,,3c5434,D-AEAT,A306,LEMD,LEMD,EHAM,LEMD,unclear,return,unknown,,,,,2019-08-29,2019,8,29,2019-08,unconfirmed_emergency,LEMD,True,False
JIA5566_20190829,JIA5566,AA5566,a6bf4e,N534AE,CRJ7,KHSV,KCLT,KCLT,,,,,,,,,2019-08-29,2019,8,29,2019-08,unspecified,,False,False
TAR635_20190831,TAR635,TU635,02a1cd,TS-ION,B736,LFPO,,DTTJ,LFML,unclear,diverted,unknown,,,,,2019-08-31,2019,8,31,2019-08,unconfirmed_emergency,LFML,True,False
CFS8802_20190831,CFS8802,EM8802,ac25c5,N882FE,C208,KPHX,KNYL,KNYL,,,,,,,,,2019-08-31,2019,8,31,2019-08,unspecified,,False,False
ASA1384_20190831,ASA1384,AS1384,a855e2,N636VA,A320,KPSP,KSEA,KSEA,,,,,,,,,2019-08-31,2019,8,31,2019-08,unspecified,,False,False
ICE10M_20190902,ICE10M,FI568,4cc27a,TF-ISV,B752,BIKF,BIKF,LSZH,BIKF,unclear,return,unknown,,,,,2019-09-02,2019,9,2,2019-09,unconfirmed_emergency,BIKF,True,False
UAL1827_20190903,UAL1827,UA1827,a0acdd,N14228,B738,KEWR,KSAN,KSAN,,,,,,,,,2019-09-03,2019,9,3,2019-09,unspecified,,False,False
EZY64NL_20190904,EZY64NL,U28679,400c4a,G-EZIH,A319,EGKK,LFLL,LIEO,LFLL,cracked_windshield,diverted,unknown,,,,,2019-09-04,2019,9,4,2019-09,cracked_windshield,LFLL,True,False
NAX10B_20190905,NAX10B,DY7110,479089,LN-LNI,B789,KLAX,EIDW,LEBL,EIDW,engine,diverted,unknown,4cc72ac7,engine,diverted,unknown,2019-09-05,2019,9,5,2019-09,engine_problem,EIDW,True,False
CSZ9073_20190906,CSZ9073,ZH9073,780d00,B-1713,B738,ZGSZ,RCTP,RCTP,,,,,,,,,2019-09-06,2019,9,6,2019-09,unspecified,,False,False
RPA5939_20190906,RPA5939,DL5939,ac0307,N873RW,E170,KJFK,KCMH,KCMH,,,,,,,,,2019-09-06,2019,9,6,2019-09,unspecified,,False,False
BEE1AJ_20190906,BEE1AJ,BE417,401152,G-JECX,DH8D,EGAC,EGBB,EGBB,,unclear,planned,unknown,,,,,2019-09-06,2019,9,6,2019-09,unconfirmed_emergency,,False,False
BOX495_20190907,BOX495,3S495,3c458a,D-AALJ,B77L,KIAH,,EDDF,,,,,,,,,2019-09-07,2019,9,7,2019-09,unspecified,,False,False
RYR160H_20190907,RYR160H,,4ca242,EI-DCL,B738,,LFBD,,,unclear,unclear,unknown,,,,,2019-09-07,2019,9,7,2019-09,unconfirmed_emergency,,False,False
MSR845_20190908,MSR845,MS845,0100df,SU-GCR,B738,HECA,,DAAG,,,,,,,,,2019-09-08,2019,9,8,2019-09,unspecified,,False,False
ROU1522_20190909,ROU1522,AC1522,c0482a,C-GBIN,A319,CYUL,CYUL,CYYT,CYUL,cabin_pressure,return,unknown,,,,,2019-09-09,2019,9,9,2019-09,depressurization_cabin,CYUL,True,False
AHK681_20190909,AHK681,LD681,780a86,B-LDM,A306,RCTP,RCTP,VHHH,RCTP,unclear,return,unknown,,,,,2019-09-09,2019,9,9,2019-09,unconfirmed_emergency,RCTP,True,False
EDV5460_20190910,EDV5460,DL5460,a7dadc,N605LR,CRJ9,KATL,KTLH,KTLH,,,,,,,,,2019-09-10,2019,9,10,2019-09,unspecified,,False,False
ASA445_20190911,ASA445,AS445,a35975,N315AS,B739,KLAX,KSEA,KSEA,,,,,,,,,2019-09-11,2019,9,11,2019-09,unspecified,,False,False
CPA509_20190911,CPA509,CX509,780173,B-HNK,B773,RJAA,VHHH,VHHH,,,,,,,,,2019-09-11,2019,9,11,2019-09,unspecified,,False,False
ROU1591_20190911,ROU1591,AC1591,c0466c,C-GARJ,A319,CYYZ,CYYC,CYYC,,,,,,,,,2019-09-11,2019,9,11,2019-09,unspecified,,False,False
VLG3866_20190913,VLG3866,VY3866,3424d5,EC-KDG,A320,LEPA,,LEAS,,,,,,,,,2019-09-13,2019,9,13,2019-09,unspecified,,False,False
ETH687_20190915,ETH687,ET687,040015,ET-ALO,B763,VIDP,VIDP,HAAB,VIDP,unclear,return,unknown,,,,,2019-09-15,2019,9,15,2019-09,unconfirmed_emergency,VIDP,True,False
DKH1295_20190915,DKH1295,HO1295,78124e,B-1001,A321,ZSPD,VMMC,VMMC,,,,,,,,,2019-09-15,2019,9,15,2019-09,unspecified,,False,False
IBK3502_20190915,IBK3502,D83502,4ca506,EI-FHM,B738,EKCH,,EGPH,,unclear,unclear,unknown,,,,,2019-09-15,2019,9,15,2019-09,unconfirmed_emergency,,False,False
JBU1447_20190916,JBU1447,B61447,a2d27c,N281JB,E190,KHPN,KTPA,KTPA,,,,,,,,,2019-09-16,2019,9,16,2019-09,unspecified,,False,False
SWR358_20190916,SWR358,LX358,4b17f8,HB-JCA,BCS3,LSGG,,EGLL,LSGG,engine,return,unknown,4cce7a9f,engine,return,unknown,2019-09-16,2019,9,16,2019-09,engine_problem,LSGG,True,False
AXG1801_20190917,AXG1801,,3c9432,D-BEAR,C750,,OMDW,,,,,,,,,,2019-09-17,2019,9,17,2019-09,unspecified,,False,False
RPA6144_20190918,RPA6144,DL6144,abf1d2,N869RW,E170,KCMH,KIND,KIND,,unclear,unclear,unknown,,,,,2019-09-18,2019,9,18,2019-09,unconfirmed_emergency,,False,False
JAF20K_20190919,JAF20K,TB1311,44d2b6,OO-TUV,B738,EBBR,LEJR,LEJR,,,,,,,,,2019-09-19,2019,9,19,2019-09,unspecified,,False,False
WJA556_20190919,WJA556,WS556,c01f52,C-FLWJ,B737,CYYC,CYKF,CYKF,,,,,,,,,2019-09-19,2019,9,19,2019-09,unspecified,,False,False
AUI949_20190920,AUI949,PS949,5082c8,UR-PSG,B738,UKLL,LFML,LEBL,LFML,unclear,diverted,unknown,,,,,2019-09-20,2019,9,20,2019-09,unconfirmed_emergency,LFML,True,False
NDU569_20190921,NDU569,,a74989,N569ND,C172,KIWA,KIWA,KIWA,,,,,,,,,2019-09-21,2019,9,21,2019-09,unspecified,,False,False
FDB338_20190921,FDB338,FZ338,896469,A6-FGB,B738,OPST,OMDB,OMDB,,unclear,unclear,unknown,,,,,2019-09-21,2019,9,21,2019-09,unconfirmed_emergency,,False,False
SOO275_20190921,SOO275,9S275,aa8499,N777SA,B77L,KCVG,,EDDP,,,,,,,,,2019-09-21,2019,9,21,2019-09,unspecified,,False,False
SKU621_20190921,SKU621,H2621,e8032b,CC-AZH,A20N,SBGL,,SCEL,,,,,,,,,2019-09-21,2019,9,21,2019-09,unspecified,,False,False
EDV5383_20190922,EDV5383,DL5383,ac5f32,N8969A,CRJ2,KBTV,KDTW,KDTW,,,,,,,,,2019-09-22,2019,9,22,2019-09,unspecified,,False,False
AFR46MN_20190923,AFR46MN,AF1116,4ca6ad,EI-RJZ,RJ85,LFPG,LFPG,EIDW,LFPG,technical,return,unknown,,,,,2019-09-23,2019,9,23,2019-09,technical_systems,LFPG,True,False
TGR32_20190924,TGR32,,ad2775,N947DA,DV20,KPUB,KPUB,KPUB,,,,,,,,,2019-09-24,2019,9,24,2019-09,unspecified,,False,False
GJS6202_20190924,GJS6202,DL6202,a3bd81,N340CA,CRJ7,KCVG,KRDU,KRDU,,,,,,,,,2019-09-24,2019,9,24,2019-09,unspecified,,False,False
QXE2492_20190924,QXE2492,AS2492,a880b0,N647QX,E75L,KSTS,KSEA,KSEA,,,,,,,,,2019-09-24,2019,9,24,2019-09,unspecified,,False,False
FMY8035_20190925,FMY8035,,3aabff,100,TBM7,,LFPO,,,,,,,,,,2019-09-25,2019,9,25,2019-09,unspecified,,False,False
ASA976_20190926,ASA976,AS976,a360e3,N317AS,B739,KSEA,KBOI,KBOI,,,,,,,,,2019-09-26,2019,9,26,2019-09,unspecified,,False,False
KAL475_20190929,KAL475,KE475,71c272,HL8272,B739,RKSI,,VVDL,,,,,,,,,2019-09-29,2019,9,29,2019-09,unspecified,,False,False
NDU792_20190930,NDU792,,aac0a3,N792ND,PA44,KIWA,KPHX,,,,,,,,,,2019-09-30,2019,9,30,2019-09,unspecified,,False,False
TOM683_20190930,TOM683,BY683,400ff4,G-FDZD,B738,DTNH,LFLL,EGBB,LFLL,unclear,diverted,unknown,,,,,2019-09-30,2019,9,30,2019-09,unconfirmed_emergency,LFLL,True,False
DAL541_20191001,DAL541,DL541,a44591,N3744F,B738,KBOS,,KSEA,,,,,,,,,2019-10-01,2019,10,1,2019-10,unspecified,,False,False
RPA3591_20191002,RPA3591,UA3591,a9b4a4,N724YX,E75L,KORD,KORD,KDCA,KORD,unclear,return,unknown,4cd896a3,cabin_pressure,return,unknown,2019-10-02,2019,10,2,2019-10,depressurization_cabin,KORD,True,False
EXS6903_20191003,EXS6903,LS6903,400f4c,G-LSAE,B752,EPKK,EGPH,EGPH,,landing_gear,planned,unknown,,,,,2019-10-03,2019,10,3,2019-10,gear_hydraulics,,False,False
SHT6P_20191003,SHT6P,BA1496,4008ae,G-EUPO,A319,EGLL,EGLL,EGPF,EGLL,unclear,return,unknown,,,,,2019-10-03,2019,10,3,2019-10,unconfirmed_emergency,EGLL,True,False
BAW241R_20191005,BAW241R,BA2591,400834,G-MIDX,A320,LIBD,LFSB,EGKK,LFSB,smoke_burn_smell_flames,diverted,unknown,4cda895e,smoke_burn_smell_flames,diverted,unknown,2019-10-05,2019,10,5,2019-10,smoke_fire_fumes,LFSB,True,False
UAL881_20191006,UAL881,UA881,a1d8fd,N218UA,B772,KORD,,RJAA,,,,,,,,,2019-10-06,2019,10,6,2019-10,unspecified,,False,False
DAL699_20191006,DAL699,DL699,ad2af2,N948AT,B712,KHSV,KATL,KATL,,,,,,,,,2019-10-06,2019,10,6,2019-10,unspecified,,False,False
RYR68UM_20191007,RYR68UM,FR3532,4cabc2,EI-FRT,B738,EHEH,EDSB,LEPA,EDSB,unclear,unclear,unknown,,,,,2019-10-07,2019,10,7,2019-10,unconfirmed_emergency,EDSB,True,False
AEE4258_20191007,AEE4258,A34258,4690e2,SX-DGB,A320,LGIR,LFLL,LFRG,LFLL,unclear,diverted,unknown,,,,,2019-10-07,2019,10,7,2019-10,unconfirmed_emergency,LFLL,True,False
AAL1612_20191008,AAL1612,AA1612,ac90a8,N909AN,B738,KGSP,KDFW,KDFW,,,,,,,,,2019-10-08,2019,10,8,2019-10,unspecified,,False,False
JES3422_20191011,JES3422,WJ3422,e0958f,LV-IVO,A320,SADP,,SAME,,,,,,,,,2019-10-11,2019,10,11,2019-10,unspecified,,False,False
NKS565_20191011,NKS565,NK565,a7debf,N606NK,A320,KDTW,KATL,KATL,,,,,,,,,2019-10-11,2019,10,11,2019-10,unspecified,,False,False
UAE734_20191012,UAE734,EK734,8963d5,A6-EPF,B77W,HSSS,OMDB,OMDB,,unclear,planned,unknown,,,,,2019-10-12,2019,10,12,2019-10,unconfirmed_emergency,,False,False
UPS801_20191013,UPS801,5X801,a4dd5e,N412UP,B752,KSAT,KSDF,KSDF,,,,,,,,,2019-10-13,2019,10,13,2019-10,unspecified,,False,False
BAW548_20191014,BAW548,BA548,400ceb,G-EUXI,A321,EGLL,EGLL,LIRF,EGLL,technical,return,unknown,,,,,2019-10-14,2019,10,14,2019-10,technical_systems,EGLL,True,False
JIA5437_20191014,JIA5437,AA5437,a70812,N552NN,CRJ9,KCLT,KGRR,KGRR,,,,,,,,,2019-10-14,2019,10,14,2019-10,unspecified,,False,False
UAL1090_20191014,UAL1090,UA1090,abacd2,N851UA,A319,KIAH,,MMMX,,,,,,,,,2019-10-14,2019,10,14,2019-10,unspecified,,False,False
VLG12AV_20191015,VLG12AV,VY1241,345107,EC-MJC,A320,LEAL,LFRS,EGFF,LFRS,medical,diverted,unknown,,,,,2019-10-15,2019,10,15,2019-10,medical_emergency,LFRS,True,False
EZY58WD_20191015,EZY58WD,U22454,4010ee,G-EZBZ,A319,LICJ,EGGW,EGGW,,unclear,unclear,unknown,,,,,2019-10-15,2019,10,15,2019-10,unconfirmed_emergency,,False,False
BCS3611_20191017,BCS3611,QY3611,3c5431,D-AEAQ,A306,EFHK,EFHK,EDDP,EFHK,unclear,return,unknown,,,,,2019-10-17,2019,10,17,2019-10,unconfirmed_emergency,EFHK,True,False
TVF78RT_20191018,TVF78RT,,3964f3,F-GZHT,B738,,LFPO,,,unclear,unclear,unknown,,,,,2019-10-18,2019,10,18,2019-10,unconfirmed_emergency,,False,False
TSC571_20191019,TSC571,TS571,c07995,C-GUBC,A332,LIPZ,LFPG,CYUL,LFPG,technical,diverted,unknown,4ce407cd,heating,diverted,unknown,2019-10-19,2019,10,19,2019-10,technical_systems,LFPG,True,False
ASH5792_20191019,ASH5792,YV5792,aca60d,N914FJ,CRJ9,KDFW,KDFW,KMLI,KDFW,unclear,unclear,unknown,,,,,2019-10-19,2019,10,19,2019-10,unconfirmed_emergency,KDFW,True,False
SWA4631_20191019,SWA4631,WN4631,abaaa8,N8507C,B738,,KSEA,,,,,,,,,,2019-10-19,2019,10,19,2019-10,unspecified,,False,False
RYR21UJ_20191020,RYR21UJ,FR1064,4ca1b9,EI-DAH,B738,EGPH,EGPH,LFBO,EGPH,bird,return,hold_to_reduce,,,,,2019-10-20,2019,10,20,2019-10,bird_strike,EGPH,True,True
CPA087_20191022,CPA087,CX87,780a6e,B-LJK,B748,PANC,VHHH,VHHH,,,,,,,,,2019-10-22,2019,10,22,2019-10,unspecified,,False,False
EJA799_20191024,EJA799,1I799,aadae3,N799QS,CL35,KCMH,KATW,,,,,,,,,,2019-10-24,2019,10,24,2019-10,unspecified,,False,False
JBU61_20191025,JBU61,B661,ad2baa,N948JB,A321,KBOS,,TJSJ,,,,,,,,,2019-10-25,2019,10,25,2019-10,unspecified,,False,False
RPA4563_20191025,RPA4563,YX4563,a53436,N434YX,E75L,KLGA,,KMIA,,,,,,,,,2019-10-25,2019,10,25,2019-10,unspecified,,False,False
RRR4055_20191026,RRR4055,,43c5e5,ZM411,A400,,EGVN,,,unclear,unclear,unknown,,,,,2019-10-26,2019,10,26,2019-10,unconfirmed_emergency,,False,False
LOF4696_20191027,LOF4696,UA4696,a081a2,N13123,E45X,KORD,KGRR,KGRR,,,,,,,,,2019-10-27,2019,10,27,2019-10,unspecified,,False,False
SWA3708_20191027,SWA3708,WN3708,abe075,N8643A,B738,KBNA,KLAS,KRSW,KLAS,,,,,,,,2019-10-27,2019,10,27,2019-10,unspecified,KLAS,True,False
ARG1465_20191027,ARG1465,AR1465,e073cf,LV-GOO,B737,SANT,SAEZ,SAEZ,,,,,,,,,2019-10-27,2019,10,27,2019-10,unspecified,,False,False
CLX4327_20191028,CLX4327,CV4327,4d0117,LX-VCM,B748,EBLG,EBLG,ELLX,EBLG,unclear,diverted,unknown,,,,,2019-10-28,2019,10,28,2019-10,unconfirmed_emergency,EBLG,True,False
ASH6099_20191029,ASH6099,UA6099,ab3e98,N82314,E75L,KIAD,KIAH,KIAH,,unclear,planned,unknown,,,,,2019-10-29,2019,10,29,2019-10,unconfirmed_emergency,,False,False
HDA391_20191031,HDA391,KA391,7801d4,B-HSN,A320,RJTT,,VHHH,RJTT,technical,return,unknown,,,,,2019-10-31,2019,10,31,2019-10,technical_systems,RJTT,True,False
VTM384_20191102,VTM384,VTM384,0d0aa8,XA-UZI,MD83,KLRD,KFWA,KFWA,,,,,,,,,2019-11-02,2019,11,2,2019-11,unspecified,,False,False
TAP923U_20191103,TAP923U,TP923,495281,CS-TTA,A319,LSZH,LFBD,LPPR,LFBD,medical,diverted,unknown,,,,,2019-11-03,2019,11,3,2019-11,medical_emergency,LFBD,True,False
SHT42P_20191103,SHT42P,BA2518,4008e5,G-MIDT,A320,EGKK,EGPF,EGPF,,medical,planned,unknown,,,,,2019-11-03,2019,11,3,2019-11,medical_emergency,,False,False
SRR6498_20191105,SRR6498,S66498,45ce4b,OY-SRK,B762,EDDK,EDDK,LIME,EDDK,unclear,unclear,unknown,,,,,2019-11-05,2019,11,5,2019-11,unconfirmed_emergency,EDDK,True,False
BTQ879_20191106,BTQ879,4B879,a99ec4,N719PC,PC12,KPIT,KJST,KJST,,,,,,,,,2019-11-06,2019,11,6,2019-11,unspecified,,False,False
EZY97YM_20191107,EZY97YM,U27416,4074b5,G-UZHE,A20N,LEAL,LFBD,EGMC,LFBD,medical,diverted,unknown,,,,,2019-11-07,2019,11,7,2019-11,medical_emergency,LFBD,True,False
RYR14QD_20191108,RYR14QD,FR8747,4ca61c,EI-DWO,B738,LFBH,EGGW,EGSS,EGGW,unclear,unclear,unknown,,,,,2019-11-08,2019,11,8,2019-11,unconfirmed_emergency,EGGW,True,False
CAP2936_20191109,CAP2936,,a2200d,N236NY,C172,,,KPHL,,unclear,unclear,unknown,,,,,2019-11-09,2019,11,9,2019-11,unconfirmed_emergency,,False,False
EXS3ZC_20191110,EXS3ZC,LS1216,406caa,G-GDFU,B738,LEAL,LFRS,EGBB,LFRS,unclear,diverted,unknown,,,,,2019-11-10,2019,11,10,2019-11,unconfirmed_emergency,LFRS,True,False
VJT426_20191110,VJT426,,4d20d9,9H-VCC,CL35,,UUWW,,,,,,,,,,2019-11-10,2019,11,10,2019-11,unspecified,,False,False
UAL275_20191110,UAL275,UA275,a5ef0e,N48127,B752,KEWR,KLAX,KLAX,,,,,,,,,2019-11-10,2019,11,10,2019-11,unspecified,,False,False
RPA4478_20191112,RPA4478,AA4478,a55090,N441YX,E75L,KLGA,KXNA,KXNA,,,,,,,,,2019-11-12,2019,11,12,2019-11,unspecified,,False,False
SWA2065_20191114,SWA2065,WN2065,a1fd03,N227WN,B737,KJAX,KBNA,KBNA,,,,,,,,,2019-11-14,2019,11,14,2019-11,unspecified,,False,False
RYR2WF_20191114,RYR2WF,FR3227,4ca854,EI-EML,B738,ENTO,EGPH,EGCC,EGPH,medical,diverted,unknown,,,,,2019-11-14,2019,11,14,2019-11,medical_emergency,EGPH,True,False
VTM384_20191114,VTM384,,0d0aa9,XA-SLW,SW4,,KSDF,,,technical,planned,unknown,,,,,2019-11-14,2019,11,14,2019-11,technical_systems,,False,False
TSC691_20191116,TSC691,TS691,c07877,C-GTQC,B738,MUSC,KMCO,CYYZ,KMCO,engine,diverted,hold_to_reduce,4cf65d38,engine,diverted,unknown,2019-11-16,2019,11,16,2019-11,engine_problem,KMCO,True,True
DAL497_20191117,DAL497,DL497,ac4d1a,N892DN,B739,KJFK,,MDSD,,,,,,,,,2019-11-17,2019,11,17,2019-11,unspecified,,False,False
HKS17C_20191118,HKS17C,,406b9c,G-WNSD,S92,EGPD,EGPD,,,unclear,unclear,unknown,,,,,2019-11-18,2019,11,18,2019-11,unconfirmed_emergency,,False,False
WEN3291_20191118,WEN3291,WS3291,c01ca9,C-FKWE,DH8D,CYQR,CYYC,CYYC,,,,,,,,,2019-11-18,2019,11,18,2019-11,unspecified,,False,False
PDT4780_20191118,PDT4780,AA4780,a895b0,N652RS,E145,KSBY,KPHL,KPHL,,unclear,unclear,unknown,,,,,2019-11-18,2019,11,18,2019-11,unconfirmed_emergency,,False,False
AAL343_20191119,AAL343,AA343,a10931,N166NN,A321,KSFO,KMIA,KMIA,,,,,,,,,2019-11-19,2019,11,19,2019-11,unspecified,,False,False
BEE2AN_20191120,BEE2AN,BE1357,4072b7,G-PRPO,DH8D,EGAC,EGGP,EGLC,EGGP,unclear,diverted,unknown,,,,,2019-11-20,2019,11,20,2019-11,unconfirmed_emergency,EGGP,True,False
EIN124_20191121,EIN124,EI124,4ca842,EI-ELA,A333,KORD,,EIDW,,,,,,,,,2019-11-21,2019,11,21,2019-11,unspecified,,False,False
AMX090_20191121,AMX090,AM90,ad7633,N967AM,B788,MMMX,,RKSI,,,,,,,,,2019-11-21,2019,11,21,2019-11,unspecified,,False,False
SKW5639_20191121,SKW5639,UA5639,abb645,N854AS,CRJ2,KCOS,KMCI,KORD,KMCI,unclear,unclear,unknown,,,,,2019-11-21,2019,11,21,2019-11,unconfirmed_emergency,KMCI,True,False
AAL1667_20191121,AAL1667,AA1667,adb782,N983NN,B738,KSEA,KDFW,KDFW,,,,,,,,,2019-11-21,2019,11,21,2019-11,unspecified,,False,False
ASH6238_20191123,ASH6238,UA6238,ac537f,N89349,E75L,KIAD,,KSAT,,,,,,,,,2019-11-23,2019,11,23,2019-11,unspecified,,False,False
WEN3410_20191123,WEN3410,WS3410,c00bfb,C-FENY,DH8D,CYQB,CYYZ,CYYZ,,,,,,,,,2019-11-23,2019,11,23,2019-11,unspecified,,False,False
ARG1403_20191124,ARG1403,AR1403,e072d4,LV-GKT,B738,SAME,,SABE,,,,,,,,,2019-11-24,2019,11,24,2019-11,unspecified,,False,False
SXS1VK_20191124,SXS1VK,XQ180,4bcde3,TC-SOC,B738,LTAI,LTFJ,EDDL,LTFJ,medical,diverted,unknown,,,,,2019-11-24,2019,11,24,2019-11,medical_emergency,LTFJ,True,False
RPA3597_20191124,RPA3597,YX3597,a85949,N637RW,E170,KEWR,KCVG,KCLT,KCVG,,,,,,,,2019-11-24,2019,11,24,2019-11,unspecified,KCVG,True,False
ENY4002_20191126,ENY4002,AA4002,ab10cf,N812AE,E135,KDFW,KDFW,KMHK,KDFW,unclear,return,unknown,,,,,2019-11-26,2019,11,26,2019-11,unconfirmed_emergency,KDFW,True,False
NWG872A_20191127,NWG872A,,47aed2,LN-AWC,LJ45,,EKCH,,,unclear,unclear,unknown,,,,,2019-11-27,2019,11,27,2019-11,unconfirmed_emergency,,False,False
UAE3PG_20191127,UAE3PG,EK19,896484,A6-EUZ,A388,OMDB,EGCC,EGCC,,unclear,unclear,unknown,,,,,2019-11-27,2019,11,27,2019-11,unconfirmed_emergency,,False,False
SHT8H_20191127,SHT8H,BA1454,405a48,G-EUUZ,A320,EGLL,EGPH,EGPH,,unclear,unclear,unknown,,,,,2019-11-27,2019,11,27,2019-11,unconfirmed_emergency,,False,False
HKS306A_20191127,HKS306A,,4071a2,G-WNSV,S92,EGPB,EGPD,,,unclear,unclear,unknown,,,,,2019-11-27,2019,11,27,2019-11,unconfirmed_emergency,,False,False
ABR1538_20191128,ABR1538,,39666a,F-GZTK,B734,EGNX,LFPG,LIMC,LFPG,unclear,diverted,unknown,,,,,2019-11-28,2019,11,28,2019-11,unconfirmed_emergency,LFPG,True,False
AAL1849_20191129,AAL1849,AA1849,a2fcff,N292AY,A332,KCLT,KMCO,KMCO,,unclear,unclear,unknown,,,,,2019-11-29,2019,11,29,2019-11,unconfirmed_emergency,,False,False
SVA3835D_20191201,SVA3835D,SV3835,71002a,HZ-ARA,B789,WMKK,VOBL,OEMA,VOBL,technical,diverted,unknown,4d010bc0,misc,diverted,unknown,2019-12-01,2019,12,1,2019-12,technical_systems,VOBL,True,False
FDX903_20191201,FDX903,FX903,a9fe30,N743FD,A306,KMEM,KMDT,KMDT,,,,,,,,,2019-12-01,2019,12,1,2019-12,unspecified,,False,False
EZY84ZA_20191202,EZY84ZA,U26853,400c4b,G-EZII,A319,EGPF,EGNT,EHAM,EGNT,medical,diverted,unknown,,,,,2019-12-02,2019,12,2,2019-12,medical_emergency,EGNT,True,False
AAL2620_20191203,AAL2620,AA2620,acd481,N926AN,B738,KDFW,KIND,KIND,,,,,,,,,2019-12-03,2019,12,3,2019-12,unspecified,,False,False
RPA3552_20191203,RPA3552,UA3552,a866c7,N640RW,E170,KCVG,,KIAH,,,,,,,,,2019-12-03,2019,12,3,2019-12,unspecified,,False,False
LCO1721_20191205,LCO1721,UC1721,a6b8d6,N532LA,B763,SBRF,,SBKP,,,,,,,,,2019-12-05,2019,12,5,2019-12,unspecified,,False,False
LXJ520_20191205,LXJ520,,a68981,N520FX,CL30,,KPIT,,,,,,,,,,2019-12-05,2019,12,5,2019-12,unspecified,,False,False
TAR791_20191206,TAR791,TU791,02a192,TS-IMS,A320,EGLL,LFML,DTTA,LFML,unclear,diverted,unknown,,,,,2019-12-06,2019,12,6,2019-12,unconfirmed_emergency,LFML,True,False
LCO1501_20191208,LCO1501,UC1501,a6b8d6,N532LA,B763,LEMD,,GVAC,,,,,,,,,2019-12-08,2019,12,8,2019-12,unspecified,,False,False
EDV5442_20191208,EDV5442,DL5442,a89f80,N655CA,CRJ7,KLGA,KXNA,KXNA,,,,,,,,,2019-12-08,2019,12,8,2019-12,unspecified,,False,False
SWA6542_20191209,SWA6542,WN6542,a27380,N257WN,B737,KBNA,KDEN,KDEN,,,,,,,,,2019-12-09,2019,12,9,2019-12,unspecified,,False,False
DAL379_20191211,DAL379,DL379,a4076a,N359NB,A319,KSEA,KGEG,KGEG,,,,,,,,,2019-12-11,2019,12,11,2019-12,unspecified,,False,False
EZY68TR_20191211,EZY68TR,U28973,40631f,G-EZGA,A319,EGKK,EBBR,LBSF,EBBR,medical,diverted,unknown,,,,,2019-12-11,2019,12,11,2019-12,medical_emergency,EBBR,True,False
NKS8124_20191211,NKS8124,NK8124,a86a28,N641NK,A320,KMCO,KDTW,KLAS,KDTW,,,,,,,,2019-12-11,2019,12,11,2019-12,unspecified,KDTW,True,False
SKW5372_20191212,SKW5372,UA5372,a5aa1c,N464SW,CRJ2,KPSC,KSFO,KSFO,,,,,,,,,2019-12-12,2019,12,12,2019-12,unspecified,,False,False
ABD714_20191213,ABD714,CC714,4cc3c9,TF-AMI,B744,KGSP,,EDFH,,,,,,,,,2019-12-13,2019,12,13,2019-12,unspecified,,False,False
ENY3766_20191215,ENY3766,MQ3766,a8e6e2,N673AE,E145,KBWI,KORD,KORD,,,,,,,,,2019-12-15,2019,12,15,2019-12,unspecified,,False,False
UAL986_20191215,UAL986,UA986,a86e6c,N642UA,B763,LFPG,EGCC,KORD,EGCC,fuel_leak,diverted,fueldump,4d0ae8b5,fuel_leak,diverted,unknown,2019-12-15,2019,12,15,2019-12,fuel_issue,EGCC,True,True
GLO7720_20191216,GLO7720,G37720,e48854,PR-GUH,B738,SBGL,,SCEL,,,,,,,,,2019-12-16,2019,12,16,2019-12,unspecified,,False,False
ASA1758_20191218,ASA1758,AS1758,a2e26a,N285VA,A320,KSEA,KSJC,KSJC,,,,,,,,,2019-12-18,2019,12,18,2019-12,unspecified,,False,False
CAL919_20191219,CAL919,CI919,8991a8,B-18360,A333,RCTP,VHHH,VHHH,,,,,,,,,2019-12-19,2019,12,19,2019-12,unspecified,,False,False
KYE1332_20191219,KYE1332,GG1332,ac7a61,N903AR,B744,KSDF,KMIA,KMIA,,,,,,,,,2019-12-19,2019,12,19,2019-12,unspecified,,False,False
AFL1164_20191219,AFL1164,SU1164,155bb6,RA-89014,SU95,UUEE,UUEE,URRP,UUEE,unclear,return,unknown,,,,,2019-12-19,2019,12,19,2019-12,unconfirmed_emergency,UUEE,True,False
SAS2549_20191220,SAS2549,SK2549,4caf7e,EI-SIE,A20N,ESSA,EGCC,EGCC,,unclear,planned,unknown,,,,,2019-12-20,2019,12,20,2019-12,unconfirmed_emergency,,False,False
RPA4699_20191222,RPA4699,AA4699,a5255a,N430YX,E75L,KDCA,KCMH,KCMH,,,,,,,,,2019-12-22,2019,12,22,2019-12,unspecified,,False,False
ARG1304_20191222,ARG1304,AR1304,e0638c,LV-FNL,A332,SAEZ,,KMIA,,,,,,,,,2019-12-22,2019,12,22,2019-12,unspecified,,False,False
SWA3794_20191223,SWA3794,WN3794,acc799,N922WN,B737,KOAK,KHOU,KHOU,,,,,,,,,2019-12-23,2019,12,23,2019-12,unspecified,,False,False
ENY3498_20191225,ENY3498,AA3498,abb9f0,N855AE,E135,KTRI,KDFW,KDFW,,,,,,,,,2019-12-25,2019,12,25,2019-12,unspecified,,False,False
CJT550_20191227,CJT550,W8550,c04aca,C-GCIJ,B763,CYYC,CYWG,CYWG,,,,,,,,,2019-12-27,2019,12,27,2019-12,unspecified,,False,False
PAC213_20191227,PAC213,PO213,abc5b8,N858GT,B748,KCVG,,RJAA,,,,,,,,,2019-12-27,2019,12,27,2019-12,unspecified,,False,False
QTR2FV_20191230,QTR2FV,QR179,06a0b3,A7-BCO,B788,OTHH,UUDD,ENGM,UUDD,technical,diverted,unknown,4d19dc61,engine,diverted,unknown,2019-12-30,2019,12,30,2019-12,engine_problem,UUDD,True,False
EDV5022_20191230,EDV5022,9E5022,ab6ebb,N836AY,CRJ2,KATL,KXNA,KGNV,KXNA,,,,,,,,2019-12-30,2019,12,30,2019-12,unspecified,KXNA,True,False
WJA1681_20191231,WJA1681,WS1681,c06e93,C-GPWS,B736,KJFK,CYYC,CYYC,,,,,,,,,2019-12-31,2019,12,31,2019-12,unspecified,,False,False
KLM35N_20200102,KLM35N,KL1071,48418b,PH-BXP,B739,EHAM,EGCC,EGCC,,unclear,planned,unknown,,,,,2020-01-02,2020,1,2,2020-01,unconfirmed_emergency,,False,False
DLH26V_20200102,DLH26V,LH1143,3c65c6,D-AINF,A20N,LEBB,EDDF,EDDF,,unclear,unclear,unknown,,,,,2020-01-02,2020,1,2,2020-01,unconfirmed_emergency,,False,False
POE944_20200102,POE944,PD944,c06360,C-GLQL,DH8D,KBOS,CYYZ,CYTZ,CYYZ,,,,,,,,2020-01-02,2020,1,2,2020-01,unspecified,CYYZ,True,False
RRR6710_20200104,RRR6710,,43c171,ZZ171,C17,,KDOV,,,unclear,unclear,unknown,,,,,2020-01-04,2020,1,4,2020-01,unconfirmed_emergency,,False,False
ASA284_20200104,ASA284,AS284,a3649a,N318AS,B739,KSMF,,MMSD,,,,,,,,,2020-01-04,2020,1,4,2020-01,unspecified,,False,False
UCA4973_20200105,UCA4973,C54973,a03374,N11181,E45X,KMEM,KEWR,KEWR,,,,,,,,,2020-01-05,2020,1,5,2020-01,unspecified,,False,False
UAL2382_20200105,UAL2382,UA2382,a6045d,N487UA,A320,KSFO,,MMSD,,,,,,,,,2020-01-05,2020,1,5,2020-01,unspecified,,False,False
EZY745P_20200106,EZY745P,U219,405638,G-EZDJ,A319,EGGW,EGPH,EGPH,,unclear,planned,unknown,,,,,2020-01-06,2020,1,6,2020-01,unconfirmed_emergency,,False,False
NJE894W_20200108,NJE894W,,494104,CS-PHD,E55P,,LFMN,,,,,,,,,,2020-01-08,2020,1,8,2020-01,unspecified,,False,False
XOJ545_20200108,XOJ545,,a6ec95,N545XJ,CL30,,KAUS,,,,,,,,,,2020-01-08,2020,1,8,2020-01,unspecified,,False,False
CPZ5692_20200108,CPZ5692,CP5692,a81077,N619CZ,E75S,KSEA,KGEG,KGEG,,,,,,,,,2020-01-08,2020,1,8,2020-01,unspecified,,False,False
UPS285_20200110,UPS285,5X285,a40455,N358UP,B763,ENGM,EDDK,EDDK,,unclear,unclear,unknown,4d1d44b4,flaps,planned,unknown,2020-01-10,2020,1,10,2020-01,unconfirmed_emergency,,False,False
ACA323_20200111,ACA323,AC323,c06f1d,C-GQCA,A320,CYUL,,CYYC,,,,,,,,,2020-01-11,2020,1,11,2020-01,unspecified,,False,False
AAL578_20200111,AAL578,AA578,a77b76,N581UW,A321,KPHX,KSEA,KSEA,,,,,,,,,2020-01-11,2020,1,11,2020-01,unspecified,,False,False
AFR006_20200111,AFR006,AF6,39bd23,F-HPJD,A388,LFPG,,KJFK,,,,,,,,,2020-01-11,2020,1,11,2020-01,unspecified,,False,False
SHT17T_20200112,SHT17T,BA2507,4008e6,G-MIDS,A320,EGPH,EGPH,EGKK,EGPH,technical,return,fueldump,,,,,2020-01-12,2020,1,12,2020-01,technical_systems,EGPH,True,True
VOZ721_20200112,VOZ721,VA721,7c1b2d,VH-FNJ,F100,YPAD,YPPH,YPPH,,smoke_burn_smell_flames,planned,unknown,,,,,2020-01-12,2020,1,12,2020-01,smoke_fire_fumes,,False,False
SAS1521_20200113,SAS1521,SK1521,4caf95,EI-FPX,CRJ9,EKCH,EGPH,EGPD,EGPH,unclear,diverted,unknown,,,,,2020-01-13,2020,1,13,2020-01,unconfirmed_emergency,EGPH,True,False
EZY18CT_20200113,EZY18CT,U2812,400f02,G-EZBH,A319,EGPH,EGBB,EGKK,EGBB,weather_damage,diverted,unknown,,,,,2020-01-13,2020,1,13,2020-01,weather_turbulence,EGBB,True,False
KLM85R_20200114,KLM85R,KL1369,4855d2,PH-EXP,E75L,EHAM,,EPWA,,,,,,,,,2020-01-14,2020,1,14,2020-01,unspecified,,False,False
BAW79J_20200114,BAW79J,BA2777,400d5b,G-DBCH,A319,EGJJ,EGBB,EGKK,EGBB,unclear,diverted,unknown,,,,,2020-01-14,2020,1,14,2020-01,unconfirmed_emergency,EGBB,True,False
ASH6028_20200115,ASH6028,UA6028,abdd1c,N86350,E75L,KAUS,KIAH,KIAD,KIAH,unclear,diverted,unknown,,,,,2020-01-15,2020,1,15,2020-01,unconfirmed_emergency,KIAH,True,False
RPA4511_20200115,RPA4511,YX4511,a50192,N421YX,E75L,KDCA,,KMSY,,,,,,,,,2020-01-15,2020,1,15,2020-01,unspecified,,False,False
ENY4130_20200119,ENY4130,AA4130,a91e11,N687JS,E145,KORD,KORD,KLSE,KORD,landing_gear,return,unknown,,,,,2020-01-19,2020,1,19,2020-01,gear_hydraulics,KORD,True,False
AAL2618_20200119,AAL2618,AA2618,aa15cc,N749US,A319,KDFW,KXNA,KRNO,KXNA,,,,,,,,2020-01-19,2020,1,19,2020-01,unspecified,KXNA,True,False
QXE2712_20200120,QXE2712,AS2712,a822d6,N623QX,E75L,KSEA,KBOI,KDAL,KBOI,smoke_burn_smell_flames,diverted,unknown,4d240887,smoke_burn_smell_flames,diverted,unknown,2020-01-20,2020,1,20,2020-01,smoke_fire_fumes,KBOI,True,False
AFR104_20200123,AFR104,AF104,392f2d,F-GLZN,A343,LFPG,LFPG,DNMM,LFPG,technical,return,unknown,,,,,2020-01-23,2020,1,23,2020-01,technical_systems,LFPG,True,False
CAL003_20200124,CAL003,CI3,899020,B-18007,B77W,KSFO,,RCTP,,,,,,,,,2020-01-24,2020,1,24,2020-01,unspecified,,False,False
PIA709_20200124,PIA709,PK709,760917,AP-BHW,B77W,OPLA,EGCC,EGCC,,medical,planned,unknown,,,,,2020-01-24,2020,1,24,2020-01,medical_emergency,,False,False
SCX8250_20200124,SCX8250,SY8250,ab3da7,N823SY,B738,KSDF,KCMH,KCMH,,,,,,,,,2020-01-24,2020,1,24,2020-01,unspecified,,False,False
ICE10K_20200125,ICE10K,FI852,4cc268,TF-FIC,B752,KORD,,BIKF,,,,,,,,,2020-01-25,2020,1,25,2020-01,unspecified,,False,False
MAC128P_20200126,MAC128P,3O128,02012b,CN-NML,A320,EHAM,LFPG,GMTT,LFPG,unclear,diverted,unknown,,,,,2020-01-26,2020,1,26,2020-01,unconfirmed_emergency,LFPG,True,False
JBU597_20200126,JBU597,B6597,adc238,N986JB,A321,KBOS,,KSEA,,,,,,,,,2020-01-26,2020,1,26,2020-01,unspecified,,False,False
AFL1713_20200127,AFL1713,SU1713,424568,VQ-BPJ,A333,UHHH,,UUEE,UHHH,bomb_threat,return,unknown,,,,,2020-01-27,2020,1,27,2020-01,bomb_threat,UHHH,True,False
BAW12DT_20200127,BAW12DT,BA867,400a26,G-EUUR,A320,LHBP,,EGLL,,unclear,planned,unknown,,,,,2020-01-27,2020,1,27,2020-01,unconfirmed_emergency,,False,False
AMX057_20200128,AMX057,AM57,ad7633,N967AM,B788,RJAA,,MMMX,,,,,,,,,2020-01-28,2020,1,28,2020-01,unspecified,,False,False
DAL392_20200128,DAL392,DL392,a45f59,N381DN,B738,MPTO,KATL,KATL,,,,,,,,,2020-01-28,2020,1,28,2020-01,unspecified,,False,False
SWA2192_20200129,SWA2192,WN2192,abc478,N8575Z,B738,KDEN,KHOU,KHOU,,,,,,,,,2020-01-29,2020,1,29,2020-01,unspecified,,False,False
ASH6299_20200129,ASH6299,UA6299,ac2bb8,N88327,E75L,KIAH,KCMH,KCMH,,,,,,,,,2020-01-29,2020,1,29,2020-01,unspecified,,False,False
